Date,Close
1985-01-31,251.03191095527765
1985-02-01,251.30239612753306
1985-02-04,253.36489331312544
1985-02-05,255.55375307510042
1985-02-06,254.40410916065858
1985-02-07,255.48738416055957
1985-02-08,258.90428067647355
1985-02-11,258.95962547952786
1985-02-12,258.46005788270685
1985-02-13,260.8770937064791
1985-02-14,260.6737048638722
1985-02-15,261.7806215101429
1985-02-18,263.82770049131216
1985-02-19,262.0993610726302
1985-02-20,263.46567532950337
1985-02-21,266.13898160767474
1985-02-22,266.6684163594792
1985-02-25,269.5899204442597
1985-02-26,269.08585578231566
1985-02-27,269.54715565237063
1985-02-28,274.61782583691695
1985-03-01,272.577904772946
1985-03-04,273.24440821840915
1985-03-05,271.47089699938675
1985-03-06,272.9404525218962
1985-03-07,274.1043381527498
1985-03-08,272.64153580035935
1985-03-11,275.00280386904785
1985-03-12,273.929822365234
1985-03-13,274.6218957126557
1985-03-14,274.4630901541163
1985-03-15,278.1119476887281
1985-03-18,275.81009406132523
1985-03-19,274.63764138621565
1985-03-20,277.50377519932795
1985-03-21,274.94811831082734
1985-03-22,277.1958274565433
1985-03-25,274.46091610388436
1985-03-26,275.60469017284936
1985-03-27,277.99122704175113
1985-03-28,279.01522885449685
1985-03-29,278.49842468961947
1985-04-01,278.1163500427133
1985-04-02,277.8755464811594
1985-04-03,276.25433715925277
1985-04-04,277.3272845604461
1985-04-05,277.7052325757336
1985-04-08,279.83490660207235
1985-04-09,278.85913660659435
1985-04-10,275.9439864805897
1985-04-11,278.86654169451015
1985-04-12,277.8965655626228
1985-04-15,277.50749074133927
1985-04-16,279.31886738164405
1985-04-17,279.92006961553204
1985-04-18,279.7985739291592
1985-04-19,277.3503443807977
1985-04-22,278.1056778268375
1985-04-23,279.01496391269865
1985-04-24,279.9296627893165
1985-04-25,277.92068995130785
1985-04-26,278.34680511430713
1985-04-29,277.08146574367646
1985-04-30,276.97344493133073
1985-05-01,280.35478672932766
1985-05-02,281.6994381595317
1985-05-03,280.28393006245994
1985-05-06,282.37874304769014
1985-05-07,282.063304907405
1985-05-08,281.23061965014574
1985-05-09,283.2392861385432
1985-05-10,285.49609827168047
1985-05-13,283.8566405525553
1985-05-14,286.72458398019563
1985-05-15,281.35717367693985
1985-05-16,286.85939316078304
1985-05-17,286.4050584433179
1985-05-20,286.4479008211687
1985-05-21,287.6062618081775
1985-05-22,285.2103609445606
1985-05-23,288.35618793369264
1985-05-24,289.7910902437516
1985-05-27,292.01918077380003
1985-05-28,289.72822921752896
1985-05-29,289.9093442591847
1985-05-30,290.96060007004877
1985-05-31,293.6378601950216
1985-06-03,292.66182010472124
1985-06-04,291.2895210039385
1985-06-05,292.6940079364251
1985-06-06,291.9681172136882
1985-06-07,293.12101364834615
1985-06-10,290.56643181113157
1985-06-11,290.9943014700334
1985-06-12,290.78249276143504
1985-06-13,289.1044936259385
1985-06-14,291.54863767097237
1985-06-17,291.37946771265257
1985-06-18,290.8891418702021
1985-06-19,290.42277738945955
1985-06-20,288.5891330871988
1985-06-21,289.91716095510174
1985-06-24,289.91283128304156
1985-06-25,289.12830500619367
1985-06-26,289.94113448312936
1985-06-27,290.6435361742369
1985-06-28,292.67440370098495
1985-07-01,291.37171434441154
1985-07-02,292.6763946903666
1985-07-03,293.3779263389684
1985-07-04,291.85206924132444
1985-07-05,295.83680407845617
1985-07-08,297.16720380249956
1985-07-09,301.9580622784324
1985-07-10,299.20776488821616
1985-07-11,301.1656285496711
1985-07-12,301.8811831899819
1985-07-15,301.38841817709726
1985-07-16,306.1305198024902
1985-07-17,306.7765458004135
1985-07-18,308.08252015213475
1985-07-19,306.71418257168955
1985-07-22,311.5364713069261
1985-07-23,308.4458490693564
1985-07-24,312.7998503168049
1985-07-25,316.5811431353806
1985-07-26,312.8660581218966
1985-07-29,314.80643538378547
1985-07-30,317.1405034742011
1985-07-31,317.46879401782223
1985-08-01,315.98970689739696
1985-08-02,318.7569874544819
1985-08-05,317.14328594687635
1985-08-06,319.78139025162716
1985-08-07,317.74774545153105
1985-08-08,321.8798772353707
1985-08-09,318.3424730012927
1985-08-12,319.2687431675011
1985-08-13,321.2749298128584
1985-08-14,318.19285258232367
1985-08-15,320.7175200105217
1985-08-16,322.63821629879396
1985-08-19,318.15553734928113
1985-08-20,321.2199526797186
1985-08-21,321.5313393761248
1985-08-22,322.5606020462723
1985-08-23,319.5068365070863
1985-08-26,319.5620760322224
1985-08-27,322.7167876983383
1985-08-28,322.5459881620289
1985-08-29,322.6624320895109
1985-08-30,323.00856112576156
1985-09-02,320.59817360220376
1985-09-03,321.3084066613464
1985-09-04,320.6504215906787
1985-09-05,318.28761848124975
1985-09-06,321.6505115031723
1985-09-09,318.6816679236049
1985-09-10,315.2917442918381
1985-09-11,317.4741753122197
1985-09-12,314.1530032820883
1985-09-13,316.1888101128154
1985-09-16,316.0291556950797
1985-09-17,312.18399215433675
1985-09-18,314.2397651405718
1985-09-19,312.64210879237083
1985-09-20,312.5441027070736
1985-09-23,313.47805599750876
1985-09-24,309.4228436522376
1985-09-25,307.9098472108533
1985-09-26,306.97666026244303
1985-09-27,306.3683674433305
1985-09-30,306.781687426904
1985-10-01,307.82404834841236
1985-10-02,308.12594727838325
1985-10-03,309.37544999998005
1985-10-04,308.52265855622215
1985-10-07,311.1495761280606
1985-10-08,308.89773885956777
1985-10-09,313.92236330211244
1985-10-10,311.08371426828137
1985-10-11,309.1868175332763
1985-10-14,309.2573909503984
1985-10-15,312.0783557128462
1985-10-16,311.3846549571013
1985-10-17,313.2534615368717
1985-10-18,313.28536106126523
1985-10-21,312.83908336551866
1985-10-22,312.0340389778954
1985-10-23,311.39252413523974
1985-10-24,313.476478103108
1985-10-25,315.93431563731747
1985-10-28,315.3343339950558
1985-10-29,313.4429808318722
1985-10-30,316.09197997071914
1985-10-31,316.8392445749583
1985-11-01,315.99200207882166
1985-11-04,318.80846597649963
1985-11-05,319.8299220263342
1985-11-06,319.080462142315
1985-11-07,322.6725633371224
1985-11-08,324.18907850475387
1985-11-11,326.2303595536762
1985-11-12,327.38422297225645
1985-11-13,324.61611639765164
1985-11-14,326.533164316922
1985-11-15,330.127758411136
1985-11-18,331.3415389859924
1985-11-19,332.56394695561704
1985-11-20,339.3448628327393
1985-11-21,335.1113941920734
1985-11-22,337.29252071207094
1985-11-25,338.229159913692
1985-11-26,338.9636371905866
1985-11-27,338.5730149015049
1985-11-28,341.6480835375446
1985-11-29,340.2899758923092
1985-12-02,340.65134467338834
1985-12-03,339.6749380400931
1985-12-04,340.0874238691405
1985-12-05,343.3240745730269
1985-12-06,335.6813582489467
1985-12-09,339.4553920524376
1985-12-10,335.02173680417724
1985-12-11,336.4009652869903
1985-12-12,338.4819586140149
1985-12-13,336.2102543224392
1985-12-16,333.74814144737206
1985-12-17,333.8132051725134
1985-12-18,335.60379831311667
1985-12-19,332.7046336113151
1985-12-20,333.7425538874672
1985-12-23,332.9161273016101
1985-12-24,331.2170823047346
1985-12-25,335.3163967718965
1985-12-26,332.2710424424945
1985-12-27,327.33485987965093
1985-12-30,330.45398162289604
1985-12-31,328.5193428167385
1986-01-01,332.57278808700704
1986-01-02,331.40151073598446
1986-01-03,334.09413458488757
1986-01-06,336.70726237011803
1986-01-07,338.90067684606004
1986-01-08,336.9934788752699
1986-01-09,340.05410506847807
1986-01-10,341.4142652740948
1986-01-13,342.7144703199501
1986-01-14,348.5053861373893
1986-01-15,347.78466474740736
1986-01-16,346.5169627511869
1986-01-17,351.96455004234696
1986-01-20,355.74067774320775
1986-01-21,355.48807290813426
1986-01-22,352.62751424178424
1986-01-23,356.1348841079569
1986-01-24,360.95154714031816
1986-01-27,359.09250627657485
1986-01-28,362.8671518954682
1986-01-29,365.17669989592537
1986-01-30,363.7859816279455
1986-01-31,367.0907114462706
1986-02-03,362.38005603779794
1986-02-04,367.61033747762906
1986-02-05,370.19168893851634
1986-02-06,369.5005045269989
1986-02-07,376.0286994358653
1986-02-10,371.4766922190757
1986-02-11,374.49777001537825
1986-02-12,376.7447719705333
1986-02-13,380.3991030248975
1986-02-14,376.13992630591855
1986-02-17,382.2563180960099
1986-02-18,381.25541907338305
1986-02-19,380.55272279619754
1986-02-20,384.5132248148943
1986-02-21,385.21095182326894
1986-02-24,384.8742615102933
1986-02-25,387.3765472362535
1986-02-26,387.70541482178044
1986-02-27,389.8911663759225
1986-02-28,392.18410129681774
1986-03-03,394.9504147069677
1986-03-04,390.367396166911
1986-03-05,397.9556510079882
1986-03-06,390.86362654228736
1986-03-07,395.3783349824537
1986-03-10,397.8101280114332
1986-03-11,398.1690880328563
1986-03-12,397.3389359422296
1986-03-13,399.13595127884054
1986-03-14,399.5386162876536
1986-03-17,400.3193179845445
1986-03-18,404.19116183941253
1986-03-19,404.18295718665496
1986-03-20,403.04524181710826
1986-03-21,407.25622107957327
1986-03-24,407.0455745354093
1986-03-25,409.0678926860115
1986-03-26,409.69111289454304
1986-03-27,407.70420839820076
1986-03-28,409.24987638684337
1986-03-31,412.9371829457386
1986-04-01,411.60094916230383
1986-04-02,409.25716411116963
1986-04-03,408.4934291231429
1986-04-04,409.8119919834787
1986-04-07,404.96853859459463
1986-04-08,406.24015634407954
1986-04-09,403.6880413478601
1986-04-10,402.6251618170221
1986-04-11,404.242516056031
1986-04-14,402.6613373952677
1986-04-15,401.60848375734497
1986-04-16,401.56351161486543
1986-04-17,397.9815575697871
1986-04-18,398.2762047716639
1986-04-21,395.29422940410177
1986-04-22,395.53669296417075
1986-04-23,393.63112556162594
1986-04-24,393.07135467564524
1986-04-25,393.0429102589863
1986-04-28,389.27617769913246
1986-04-29,393.95522980130085
1986-04-30,386.9238998034119
1986-05-01,387.3244218644116
1986-05-02,392.76332956901655
1986-05-05,392.86464457730455
1986-05-06,393.3546615278488
1986-05-07,394.1824955468395
1986-05-08,393.7425325575305
1986-05-09,392.81680967886894
1986-05-12,395.5590026706573
1986-05-13,394.8913767060223
1986-05-14,398.9943717418327
1986-05-15,397.593162124908
1986-05-16,397.06900481132806
1986-05-19,398.9033519112537
1986-05-20,401.20446572001947
1986-05-21,400.0811214805832
1986-05-22,400.39502876424064
1986-05-23,403.376422361751
1986-05-26,404.2194162995722
1986-05-27,403.54059820824244
1986-05-28,404.4541324275218
1986-05-29,406.7249497936899
1986-05-30,404.1524243228823
1986-06-02,404.6978819425096
1986-06-03,406.5668985322044
1986-06-04,408.0637983755225
1986-06-05,409.60317595508496
1986-06-06,412.4559295913472
1986-06-09,411.662132792573
1986-06-10,410.04543270343146
1986-06-11,410.8043439415735
1986-06-12,409.2519765488414
1986-06-13,411.746508161491
1986-06-16,411.6610362019243
1986-06-17,413.39397441441
1986-06-18,411.49143554770654
1986-06-19,414.74773444180755
1986-06-20,417.3210116007156
1986-06-23,414.3957651438872
1986-06-24,415.92964557901377
1986-06-25,417.0051287091112
1986-06-26,415.2122286795902
1986-06-27,416.98985654000165
1986-06-30,417.02625515563005
1986-07-01,416.1482093720601
1986-07-02,413.28922759718296
1986-07-03,413.89392614883735
1986-07-04,413.82412446605554
1986-07-07,414.73952604460277
1986-07-08,412.6802283956613
1986-07-09,414.08178314185534
1986-07-10,407.06708300401937
1986-07-11,409.3789344312595
1986-07-14,406.94269401450816
1986-07-15,409.9817222851708
1986-07-16,402.8806550151063
1986-07-17,401.7980483727599
1986-07-18,401.2652044479959
1986-07-21,397.18999702262477
1986-07-22,399.38496075419096
1986-07-23,397.9085095001006
1986-07-24,398.71371813734964
1986-07-25,398.085291453519
1986-07-28,400.1194287370032
1986-07-29,397.2770105496038
1986-07-30,393.260103206075
1986-07-31,391.6328183414576
1986-08-01,395.7144904999403
1986-08-04,393.477082975837
1986-08-05,401.0840406468233
1986-08-06,401.15373337707166
1986-08-07,399.2252125760537
1986-08-08,398.0912503156165
1986-08-11,405.6293689527598
1986-08-12,404.0464829274175
1986-08-13,408.1694002420346
1986-08-14,403.7991807538291
1986-08-15,407.2103464456731
1986-08-18,409.840046151518
1986-08-19,411.32559184481124
1986-08-20,411.7049048232626
1986-08-21,415.3321666090294
1986-08-22,413.23906529003716
1986-08-25,416.5789550247153
1986-08-26,418.5510833705866
1986-08-27,420.80772770281646
1986-08-28,422.66012916036266
1986-08-29,420.2236312599468
1986-09-01,417.49205209572114
1986-09-02,421.522541859457
1986-09-03,417.6755460223802
1986-09-04,413.5733240648126
1986-09-05,416.48467194707735
1986-09-08,411.67803249120203
1986-09-09,412.0241961039492
1986-09-10,407.9236337925885
1986-09-11,410.15412772586734
1986-09-12,407.7115537391796
1986-09-15,401.8647070187916
1986-09-16,402.5207768062963
1986-09-17,400.07892855758735
1986-09-18,399.73409244871124
1986-09-19,393.34337463572217
1986-09-22,394.84101134485087
1986-09-23,393.8131290170687
1986-09-24,386.5670331908493
1986-09-25,385.9637910430103
1986-09-26,382.5917400821147
1986-09-29,384.29426201098073
1986-09-30,384.4744521909772
1986-10-01,385.885532696534
1986-10-02,383.0587934583442
1986-10-03,385.942809147956
1986-10-06,380.09289450351434
1986-10-07,379.3835632926046
1986-10-08,382.444811427156
1986-10-09,383.19409486281575
1986-10-10,382.3057484568063
1986-10-13,378.32520926894335
1986-10-14,382.01523607229717
1986-10-15,379.60206073825543
1986-10-16,383.2819920387236
1986-10-17,382.61166597905833
1986-10-20,380.0260385023301
1986-10-21,380.7483360751037
1986-10-22,379.6167287599728
1986-10-23,381.42713871394045
1986-10-24,383.27726197728884
1986-10-27,379.48478465422943
1986-10-28,382.2341561612404
1986-10-29,380.17152711568605
1986-10-30,379.5802807652193
1986-10-31,380.7961071642867
1986-11-03,379.3485897391341
1986-11-04,380.58857548214127
1986-11-05,379.68024895294695
1986-11-06,386.0467041717464
1986-11-07,382.68216786963467
1986-11-10,381.5987085162378
1986-11-11,383.6725554102234
1986-11-12,383.3713748735717
1986-11-13,383.48723299024545
1986-11-14,385.4161810123132
1986-11-17,386.0179301413904
1986-11-18,383.8658833461475
1986-11-19,384.10342000305843
1986-11-20,385.0082265307208
1986-11-21,381.4235267041485
1986-11-24,383.26542140044194
1986-11-25,389.15958380262714
1986-11-26,390.02677879269316
1986-11-27,386.6902825127509
1986-11-28,388.6170791159206
1986-12-01,387.3522285184459
1986-12-02,391.94441924774475
1986-12-03,387.41200332110395
1986-12-04,384.2641543236847
1986-12-05,381.9326938958653
1986-12-08,379.9472501464412
1986-12-09,382.6716967500144
1986-12-10,380.1003320894187
1986-12-11,378.0970991264177
1986-12-12,378.83969671135907
1986-12-15,377.28179643139697
1986-12-16,381.79303191709096
1986-12-17,379.5325582562105
1986-12-18,377.1207963946021
1986-12-19,379.1915295639451
1986-12-22,375.8233663183842
1986-12-23,373.33655906818205
1986-12-24,377.07584390220717
1986-12-25,374.5083292126276
1986-12-26,370.84601838453125
1986-12-29,371.70407913720703
1986-12-30,369.7126326352436
1986-12-31,368.05753381855
1987-01-01,374.7166841028578
1987-01-02,378.9576984550107
1987-01-05,375.1320657853582
1987-01-06,381.2590967382729
1987-01-07,381.37476781754106
1987-01-08,384.12776041492873
1987-01-09,386.3795567138979
1987-01-12,388.32010069114506
1987-01-13,392.5934688505206
1987-01-14,393.3663697228932
1987-01-15,398.07042883844264
1987-01-16,399.97382523795113
1987-01-19,402.1509959562931
1987-01-20,403.3673532389309
1987-01-21,406.6206024542664
1987-01-22,411.9537923534296
1987-01-23,414.061931733765
1987-01-26,413.6363041390763
1987-01-27,418.5331709327558
1987-01-28,422.5814715482009
1987-01-29,420.1547352443006
1987-01-30,427.5584439301539
1987-02-02,426.79691396781124
1987-02-03,431.2659161275933
1987-02-04,430.22201189196903
1987-02-05,429.7951228645189
1987-02-06,432.0114294612934
1987-02-09,437.5156515673664
1987-02-10,439.84345944475064
1987-02-11,439.1488046625913
1987-02-12,444.4364458152878
1987-02-13,441.21219370107605
1987-02-16,446.65514402288335
1987-02-17,445.98834013072315
1987-02-18,449.1472692436022
1987-02-19,452.6419119702985
1987-02-20,452.50646675655275
1987-02-23,455.5191730683868
1987-02-24,460.6462157865305
1987-02-25,458.9640478543658
1987-02-26,464.1831979993707
1987-02-27,461.5978374196542
1987-03-02,465.92005139087524
1987-03-03,468.51142506787863
1987-03-04,459.87432075863626
1987-03-05,464.24200603102
1987-03-06,467.9163693908054
1987-03-09,466.56744810761097
1987-03-10,468.3811113639825
1987-03-11,466.5726582172598
1987-03-12,468.66164552846334
1987-03-13,468.5671799589539
1987-03-16,472.14685184974866
1987-03-17,470.4780895470203
1987-03-18,471.1491184531056
1987-03-19,469.86081134124436
1987-03-20,470.1571331798969
1987-03-23,470.7620662662849
1987-03-24,473.1905731353307
1987-03-25,471.74128523935764
1987-03-26,473.89967208530965
1987-03-27,478.6077189312104
1987-03-30,476.23617441058684
1987-03-31,473.8762646522825
1987-04-01,476.4550719981326
1987-04-02,471.6091169949683
1987-04-03,466.7331564905185
1987-04-06,468.1342229100258
1987-04-07,465.08393113903026
1987-04-08,467.6239236742605
1987-04-09,467.4644149717236
1987-04-10,470.30716666242466
1987-04-13,466.13706148639153
1987-04-14,463.84847877231954
1987-04-15,465.2617433228119
1987-04-16,457.214238562008
1987-04-17,461.85654503505634
1987-04-20,462.07698328867394
1987-04-21,455.89924536744627
1987-04-22,460.909790761859
1987-04-23,458.0592530490573
1987-04-24,455.33642219977054
1987-04-27,456.7251026534047
1987-04-28,459.44530467007155
1987-04-29,453.70488735694477
1987-04-30,452.86135085591803
1987-05-01,451.7443457505486
1987-05-04,451.34308305230246
1987-05-05,455.6383075052889
1987-05-06,452.2959857603654
1987-05-07,454.88942051931065
1987-05-08,454.12642546029724
1987-05-11,456.79238683584396
1987-05-12,456.95003814952844
1987-05-13,459.04654562629054
1987-05-14,456.00061825758104
1987-05-15,457.03839432968323
1987-05-18,455.9038980357302
1987-05-19,457.61769811619433
1987-05-20,459.9937768143053
1987-05-21,461.35887758617224
1987-05-22,457.98989097901347
1987-05-25,462.6067717092992
1987-05-26,464.22265045894625
1987-05-27,462.545157603725
1987-05-28,466.42141767367156
1987-05-29,460.7903029613934
1987-06-01,460.85559086871183
1987-06-02,460.77139069192765
1987-06-03,469.5598356205153
1987-06-04,468.7725983069168
1987-06-05,468.2869655280608
1987-06-08,470.25074587304
1987-06-09,468.1233347170233
1987-06-10,477.7261566921071
1987-06-11,473.44555641487636
1987-06-12,474.58740136439025
1987-06-15,477.24461733910397
1987-06-16,477.8596278452797
1987-06-17,478.4451642159268
1987-06-18,477.21663692660206
1987-06-19,481.44561235715395
1987-06-22,486.05061840484353
1987-06-23,485.9759653113403
1987-06-24,487.79581809546755
1987-06-25,483.9159019359571
1987-06-26,483.9676790949995
1987-06-29,487.2889361709119
1987-06-30,488.9561972581247
1987-07-01,492.47824754319385
1987-07-02,486.6259881016087
1987-07-03,495.5224926250373
1987-07-06,492.3568022076667
1987-07-07,492.6787057398446
1987-07-08,492.2173997197063
1987-07-09,491.60968332666727
1987-07-10,498.74807506817064
1987-07-13,497.880529564715
1987-07-14,495.47795043295594
1987-07-15,496.45707260331574
1987-07-16,499.8525014653442
1987-07-17,505.8821790403884
1987-07-20,502.0473496522298
1987-07-21,499.9204868244677
1987-07-22,504.09442971843885
1987-07-23,505.03536466258856
1987-07-24,499.90433636386547
1987-07-27,507.61401099035095
1987-07-28,508.1808721095093
1987-07-29,511.56143255154393
1987-07-30,515.5297049207539
1987-07-31,514.7130488953674
1987-08-03,512.3189373092378
1987-08-04,511.3451882155021
1987-08-05,522.0053090397926
1987-08-06,516.713853602681
1987-08-07,517.7865062609553
1987-08-10,518.8801311882876
1987-08-11,520.652913403888
1987-08-12,520.9592351567159
1987-08-13,521.0372786495085
1987-08-14,522.3073188164636
1987-08-17,524.859481707505
1987-08-18,524.72467455337
1987-08-19,525.4862826452976
1987-08-20,528.8616449728631
1987-08-21,529.1221501303676
1987-08-24,535.0108398743956
1987-08-25,525.1856732900619
1987-08-26,536.3774992778768
1987-08-27,538.0259369799993
1987-08-28,530.3699460698128
1987-08-31,536.239609659819
1987-09-01,534.4579276925498
1987-09-02,529.9938747983568
1987-09-03,529.9841848160804
1987-09-04,527.4169547911889
1987-09-07,533.3078902685091
1987-09-08,529.4608073241137
1987-09-09,528.659868908732
1987-09-10,525.5395316385346
1987-09-11,519.03859168535
1987-09-14,518.9613388078743
1987-09-15,519.9409578272223
1987-09-16,513.863638921149
1987-09-17,517.216690728938
1987-09-18,513.123654935823
1987-09-21,511.1480577217575
1987-09-22,512.2944675009537
1987-09-23,509.987334703441
1987-09-24,506.32386819002807
1987-09-25,508.5577804186855
1987-09-28,501.29507020546777
1987-09-29,503.9644638218465
1987-09-30,502.30518486007855
1987-10-01,492.0768797562576
1987-10-02,485.77734068322195
1987-10-05,474.27293075280716
1987-10-06,471.82342228098526
1987-10-07,461.74256490127027
1987-10-08,453.61669565259916
1987-10-09,449.90573097872635
1987-10-12,438.8755734186154
1987-10-13,430.3564396900679
1987-10-14,423.1829378695539
1987-10-15,420.9780791756115
1987-10-16,410.374315194584
1987-10-19,410.0033288539659
1987-10-20,395.7974178123548
1987-10-21,396.9261983399384
1987-10-22,387.7246903216654
1987-10-23,380.96002681803145
1987-10-26,374.0490586908468
1987-10-27,369.8309863256712
1987-10-28,363.14469531668885
1987-10-29,359.3971501964862
1987-10-30,351.9308864543196
1987-11-02,350.8565107633224
1987-11-03,348.82441007314964
1987-11-04,348.2309454210591
1987-11-05,347.7385021265901
1987-11-06,343.12252768646823
1987-11-09,342.63774210778956
1987-11-10,345.1258736493838
1987-11-11,343.0293487435965
1987-11-12,341.3143779671944
1987-11-13,340.5557233809889
1987-11-16,340.01348370723895
1987-11-17,337.41333906897995
1987-11-18,335.92042847043433
1987-11-19,336.4718366390825
1987-11-20,333.41705090531093
1987-11-23,334.6547619894736
1987-11-24,330.0595762849692
1987-11-25,333.52485569880116
1987-11-26,331.52634703527013
1987-11-27,330.0977065184102
1987-11-30,330.2246104211716
1987-12-01,333.2929427101363
1987-12-02,334.16845925147175
1987-12-03,331.3570492958451
1987-12-04,334.24769828814965
1987-12-07,337.31899947268204
1987-12-08,340.40830060771725
1987-12-09,343.2494933582711
1987-12-10,343.1249207968751
1987-12-11,346.7210552195591
1987-12-14,347.11647998397285
1987-12-15,349.40771421015927
1987-12-16,350.05870745560736
1987-12-17,352.9722567316313
1987-12-18,354.2816551946225
1987-12-21,357.0370547303397
1987-12-22,362.7966715225468
1987-12-23,361.29223602946803
1987-12-24,369.9540371540122
1987-12-25,368.19900422598647
1987-12-28,369.792134304481
1987-12-29,370.0261032884789
1987-12-30,375.112992441307
1987-12-31,374.91780088667304
1988-01-01,376.83098545904363
1988-01-04,382.03180534832916
1988-01-05,377.62514610526034
1988-01-06,380.58522231540144
1988-01-07,377.6832555994434
1988-01-08,379.5554812631839
1988-01-11,383.59547314391574
1988-01-12,379.64306644865883
1988-01-13,384.90265754214835
1988-01-14,383.4078544581014
1988-01-15,381.59058767312166
1988-01-18,384.49061709040774
1988-01-19,385.7583314218393
1988-01-20,385.70085986563356
1988-01-21,382.0966274114009
1988-01-22,384.3336628165368
1988-01-25,385.8747389620319
1988-01-26,386.82666381869126
1988-01-27,388.79229423659945
1988-01-28,388.5541625319911
1988-01-29,386.2338902650139
1988-02-01,390.3550991718796
1988-02-02,391.59234000082944
1988-02-03,392.28300661142447
1988-02-04,394.0955009809624
1988-02-05,394.4057793319247
1988-02-08,394.46405614508996
1988-02-09,394.2161194906324
1988-02-10,391.8684178772812
1988-02-11,396.7977894615001
1988-02-12,397.15806007417694
1988-02-15,398.0863063498935
1988-02-16,395.80555720701165
1988-02-17,396.99463085676734
1988-02-18,402.0635134539098
1988-02-19,400.68506579574284
1988-02-22,402.9412113988401
1988-02-23,402.4399790762648
1988-02-24,403.25478136037236
1988-02-25,405.903592204745
1988-02-26,403.7787533772519
1988-02-29,405.8349521597917
1988-03-01,404.0646708099002
1988-03-02,403.4840973971112
1988-03-03,403.10125740227164
1988-03-04,403.5368563319714
1988-03-07,401.4905861379926
1988-03-08,404.34269637511426
1988-03-09,399.39203626404924
1988-03-10,400.18009507393026
1988-03-11,399.0438573641463
1988-03-14,402.1817796373965
1988-03-15,399.05551763235513
1988-03-16,400.08904860445904
1988-03-17,394.45638852718866
1988-03-18,397.3118139393162
1988-03-21,397.91891521566095
1988-03-22,395.6952030152673
1988-03-23,397.0130208001336
1988-03-24,393.26707069329007
1988-03-25,396.43959921259705
1988-03-28,397.56304565141494
1988-03-29,391.7138826482443
1988-03-30,390.9346661555384
1988-03-31,394.0327473680184
1988-04-01,394.387258526634
1988-04-04,390.38048335611137
1988-04-05,390.68810101121267
1988-04-06,391.0658181065562
1988-04-07,389.0912731030688
1988-04-08,390.03175688838644
1988-04-11,389.97075919274937
1988-04-12,390.5405632515008
1988-04-13,392.0846969619634
1988-04-14,392.71918442087735
1988-04-15,395.40878782786064
1988-04-18,390.5149932764147
1988-04-19,394.5134682204472
1988-04-20,392.2684108816614
1988-04-21,392.69867986932735
1988-04-22,394.22880808083266
1988-04-25,390.80422576126534
1988-04-26,393.86944118989277
1988-04-27,393.55242387136656
1988-04-28,394.30104986970497
1988-04-29,394.00885255629555
1988-05-02,398.23875205008017
1988-05-03,392.12376837728044
1988-05-04,392.30287261121794
1988-05-05,392.0908195707846
1988-05-06,392.19304616960176
1988-05-09,392.00115222896335
1988-05-10,395.5612550183431
1988-05-11,395.98524989233294
1988-05-12,392.039698151565
1988-05-13,391.4946403570437
1988-05-16,394.0264198930961
1988-05-17,391.98363644433056
1988-05-18,394.2818710543504
1988-05-19,393.40588761507416
1988-05-20,389.9979789704854
1988-05-23,395.98576267498066
1988-05-24,396.442573551496
1988-05-25,391.67977590977307
1988-05-26,392.09111008046403
1988-05-27,393.38324032944587
1988-05-30,393.44774146917115
1988-05-31,394.053249242675
1988-06-01,397.76471440504974
1988-06-02,394.506556940362
1988-06-03,394.32777928579253
1988-06-06,394.2252914920892
1988-06-07,396.5661134339297
1988-06-08,399.01521187562724
1988-06-09,403.735127532804
1988-06-10,400.1725899511819
1988-06-13,402.73014798569824
1988-06-14,403.31882284603495
1988-06-15,406.8298131396487
1988-06-16,410.6277769615297
1988-06-17,405.505664874241
1988-06-20,406.6706301098177
1988-06-21,410.88858299985503
1988-06-22,411.2410753571804
1988-06-23,414.73019884246463
1988-06-24,413.23377736057205
1988-06-27,412.3865311188681
1988-06-28,415.4528644626803
1988-06-29,417.63570254876424
1988-06-30,418.14840799768916
1988-07-01,417.01379048740955
1988-07-04,417.6939860844491
1988-07-05,417.4242394013914
1988-07-06,417.3830460867555
1988-07-07,415.3823373387624
1988-07-08,413.21535183315916
1988-07-11,413.38603615843203
1988-07-12,415.0947180189053
1988-07-13,410.44543812929993
1988-07-14,412.4114255787924
1988-07-15,410.3682371638046
1988-07-18,410.7607711610076
1988-07-19,412.8494178456121
1988-07-20,410.1446013787937
1988-07-21,409.3746043090286
1988-07-22,406.027025337789
1988-07-25,409.85780671952585
1988-07-26,409.1786779590899
1988-07-27,411.7974645626418
1988-07-28,406.2940279838884
1988-07-29,406.8953682533952
1988-08-01,406.44659967341227
1988-08-02,408.62923518630487
1988-08-03,404.7302541797492
1988-08-04,404.9797334997131
1988-08-05,405.13617890152085
1988-08-08,403.7785100282578
1988-08-09,401.99703132647824
1988-08-10,402.78174464387325
1988-08-11,404.0441496182127
1988-08-12,399.3227753586191
1988-08-15,401.14620582593193
1988-08-16,398.97552865485545
1988-08-17,402.26447626926
1988-08-18,396.33219258776273
1988-08-19,397.75839951076233
1988-08-22,399.1243735165025
1988-08-23,400.9879728827125
1988-08-24,397.24410977762403
1988-08-25,395.77482179640407
1988-08-26,400.10723325669437
1988-08-29,393.0158156050629
1988-08-30,391.03882117916476
1988-08-31,395.7587865309078
1988-09-01,394.3170473017903
1988-09-02,393.7085491745795
1988-09-05,397.55255491164945
1988-09-06,397.0536188260775
1988-09-07,395.8716920437131
1988-09-08,394.86892857396225
1988-09-09,399.5705074268638
1988-09-12,399.55228329918845
1988-09-13,398.4828056817645
1988-09-14,402.78890993754806
1988-09-15,397.39012311323273
1988-09-16,396.901387650376
1988-09-19,398.9917096686791
1988-09-20,400.7106827710084
1988-09-21,401.71586997337135
1988-09-22,401.1693422166962
1988-09-23,402.7881462757073
1988-09-26,399.9886214532405
1988-09-27,405.843577094177
1988-09-28,403.1971028261525
1988-09-29,406.04693669166545
1988-09-30,404.91268219756387
1988-10-03,404.79606928459793
1988-10-04,404.67731350404694
1988-10-05,404.08457850312044
1988-10-06,404.13120502812154
1988-10-07,405.16640817435
1988-10-10,402.54189354160314
1988-10-11,403.2266305561584
1988-10-12,401.27789593197116
1988-10-13,404.0023604278775
1988-10-14,399.41509037428824
1988-10-17,404.0328792469193
1988-10-18,400.00378462327774
1988-10-19,396.88167664716434
1988-10-20,399.6547534176411
1988-10-21,397.69788445256745
1988-10-24,400.39080082483906
1988-10-25,397.07340745638913
1988-10-26,397.14409571606546
1988-10-27,393.9338219458827
1988-10-28,396.4517783410852
1988-10-31,392.1984783426752
1988-11-01,393.4417326712921
1988-11-02,397.6616186088194
1988-11-03,397.2836189409631
1988-11-04,396.14357553342046
1988-11-07,392.9677817481006
1988-11-08,394.35763579487593
1988-11-09,394.0198655198459
1988-11-10,391.32297145886326
1988-11-11,396.1343125692893
1988-11-14,394.47833364611336
1988-11-15,391.8989875456234
1988-11-16,391.9626390275294
1988-11-17,391.8958168829719
1988-11-18,387.0740709230776
1988-11-21,390.1624202214688
1988-11-22,388.89390577119343
1988-11-23,387.8521418832124
1988-11-24,388.8372730835728
1988-11-25,392.4614262415865
1988-11-28,389.7913605534971
1988-11-29,387.01950937680374
1988-11-30,388.81998035079795
1988-12-01,390.62122559721286
1988-12-02,389.8986237471882
1988-12-05,388.4174512019433
1988-12-06,387.24243324319144
1988-12-07,390.053617370852
1988-12-08,389.65938066619674
1988-12-09,390.8335501649346
1988-12-12,390.52614571060883
1988-12-13,391.53168485000725
1988-12-14,388.6429072460756
1988-12-15,392.4520591292668
1988-12-16,390.46753695523955
1988-12-19,394.3301374540913
1988-12-20,389.13333480519714
1988-12-21,394.06844442455923
1988-12-22,391.26286256285186
1988-12-23,389.8010393873515
1988-12-26,390.3269830282726
1988-12-27,390.8455437104369
1988-12-28,392.5022873620606
1988-12-29,392.89517834581903
1988-12-30,390.945347197279
1989-01-02,393.15139239711885
1989-01-03,398.555626131352
1989-01-04,398.8835242179502
1989-01-05,397.47189136506825
1989-01-06,397.82456652613917
1989-01-09,399.1340170927379
1989-01-10,401.2707176581022
1989-01-11,399.1440873109065
1989-01-12,401.8335669822433
1989-01-13,400.1437788707393
1989-01-16,405.4802301898162
1989-01-17,407.15131291206694
1989-01-18,406.023657314851
1989-01-19,411.3915984354026
1989-01-20,406.8460613313322
1989-01-23,407.52810807421935
1989-01-24,412.1784938642131
1989-01-25,415.0640486350185
1989-01-26,417.578079925571
1989-01-27,414.33144330636173
1989-01-30,418.72666481708666
1989-01-31,417.5995789122947
1989-02-01,416.9827043649893
1989-02-02,418.8485866261932
1989-02-03,418.0286162448541
1989-02-06,413.0518212659605
1989-02-07,419.06854383549927
1989-02-08,418.52990080564985
1989-02-09,414.02713979259715
1989-02-10,415.8123050965758
1989-02-13,415.6803920414325
1989-02-14,414.8615111155461
1989-02-15,412.84803974047804
1989-02-16,412.26394921446314
1989-02-17,413.26641259568953
1989-02-20,415.4072714062874
1989-02-21,413.773976161505
1989-02-22,411.55531492273764
1989-02-23,413.57627436607333
1989-02-24,405.79107755963435
1989-02-27,413.68450339304917
1989-02-28,407.4149751702998
1989-03-01,410.8132446028101
1989-03-02,409.8216939405934
1989-03-03,410.02801411314164
1989-03-06,415.6697081184464
1989-03-07,412.87548507182635
1989-03-08,415.1342689141434
1989-03-09,414.89274484882685
1989-03-10,416.55592200869467
1989-03-13,416.2999669224202
1989-03-14,414.04310948981237
1989-03-15,419.3720088428335
1989-03-16,416.83949997766416
1989-03-17,415.192978475492
1989-03-20,418.13217420940765
1989-03-21,422.75800721186226
1989-03-22,421.9766265222756
1989-03-23,420.03864917588896
1989-03-24,420.6189764077414
1989-03-27,421.25965824763705
1989-03-28,426.90980522289135
1989-03-29,423.91548301065967
1989-03-30,424.6043654384624
1989-03-31,426.4656433193832
1989-04-03,425.7789412119941
1989-04-04,425.7125939063545
1989-04-05,426.8410608701055
1989-04-06,428.1053577374423
1989-04-07,429.1792724409501
1989-04-10,431.8273416653487
1989-04-11,431.3791631769678
1989-04-12,433.85817276015786
1989-04-13,433.10966517744566
1989-04-14,434.4675130303717
1989-04-17,430.9621521263067
1989-04-18,438.32740941603583
1989-04-19,438.10532785587117
1989-04-20,440.55685227394633
1989-04-21,433.0304940599218
1989-04-24,445.0187803450391
1989-04-25,441.1407584849698
1989-04-26,444.9319113530998
1989-04-27,441.20781238051836
1989-04-28,445.9120431974779
1989-05-01,443.48537113267076
1989-05-02,445.7264284786049
1989-05-03,452.7033369204798
1989-05-04,449.27797098192815
1989-05-05,451.4955447824732
1989-05-08,454.27516921746474
1989-05-09,454.73772917517977
1989-05-10,455.2654162617223
1989-05-11,457.06937787739264
1989-05-12,463.05265547577187
1989-05-15,458.7431521559844
1989-05-16,460.66305566929265
1989-05-17,463.9536653027209
1989-05-18,465.42029336162113
1989-05-19,466.95333747473023
1989-05-22,467.02536297193393
1989-05-23,464.21456316044123
1989-05-24,472.05502162451495
1989-05-25,466.8913737063102
1989-05-26,471.6514009792922
1989-05-29,470.51737746202565
1989-05-30,473.51042884793674
1989-05-31,475.81086003883235
1989-06-01,474.90845068339814
1989-06-02,474.2632411913556
1989-06-05,476.1961837934383
1989-06-06,472.575460208376
1989-06-07,470.0548540834295
1989-06-08,472.0185926109988
1989-06-09,471.6691806941417
1989-06-12,465.1359618843806
1989-06-13,468.53361526994814
1989-06-14,467.9042251505104
1989-06-15,464.71000388975625
1989-06-16,467.73227362733155
1989-06-19,463.3251690086862
1989-06-20,463.1013621083903
1989-06-21,461.55034103018403
1989-06-22,461.12693345834185
1989-06-23,457.71082436984767
1989-06-26,456.07001635031526
1989-06-27,462.17894821911676
1989-06-28,455.73250787622925
1989-06-29,454.5550989578463
1989-06-30,451.06059354950077
1989-07-03,455.85960707340405
1989-07-04,455.6409759341927
1989-07-05,463.8109057611781
1989-07-06,463.72632045810474
1989-07-07,461.1711689721623
1989-07-10,469.3613678942884
1989-07-11,467.7941518160533
1989-07-12,466.1296642747107
1989-07-13,462.4189679173795
1989-07-14,475.0378583667751
1989-07-17,467.77648012061235
1989-07-18,468.55779328045423
1989-07-19,476.2667461590838
1989-07-20,481.0450896757809
1989-07-21,479.95452505293645
1989-07-24,479.4152848182466
1989-07-25,480.90934163865643
1989-07-26,482.9558310168758
1989-07-27,484.1585579630537
1989-07-28,484.43717271493546
1989-07-31,485.44278666813193
1989-08-01,486.06112884753634
1989-08-02,485.40194817814813
1989-08-03,487.58114885299483
1989-08-04,485.15436872317264
1989-08-07,490.08701865231603
1989-08-08,488.933463849817
1989-08-09,489.68153119340064
1989-08-10,493.880892572692
1989-08-11,497.91932164918546
1989-08-14,497.79586036139665
1989-08-15,492.6664372723966
1989-08-16,495.1507509463468
1989-08-17,501.00814455611004
1989-08-18,497.25940464050046
1989-08-21,500.20570302622474
1989-08-22,503.2044484296621
1989-08-23,500.44786231637795
1989-08-24,504.20880889371773
1989-08-25,501.6376859606865
1989-08-28,504.5495573960678
1989-08-29,507.9494372421336
1989-08-30,504.1602942837537
1989-08-31,510.40162487274233
1989-09-01,508.96579676539363
1989-09-04,510.15709109970084
1989-09-05,509.0570286793113
1989-09-06,511.6903723096401
1989-09-07,508.27829804098513
1989-09-08,506.6066750011484
1989-09-11,507.7436009965698
1989-09-12,508.5477689020208
1989-09-13,507.0307552011016
1989-09-14,506.7467530416229
1989-09-15,504.603693019385
1989-09-18,504.4408184637635
1989-09-19,502.3081870626743
1989-09-20,510.0161915257944
1989-09-21,502.18819586281165
1989-09-22,503.31901039872923
1989-09-25,502.9935114928913
1989-09-26,506.8025407530483
1989-09-27,503.539435573138
1989-09-28,507.1659394078173
1989-09-29,502.06361181565467
1989-10-02,501.8902537168736
1989-10-03,496.552645719435
1989-10-04,501.4135157342473
1989-10-05,490.6319878574943
1989-10-06,491.8065474728211
1989-10-09,490.08994079078417
1989-10-10,487.0561555927003
1989-10-11,483.12393486751307
1989-10-12,480.7937014003427
1989-10-13,478.75747085296615
1989-10-16,475.86173837094384
1989-10-17,476.0666954656086
1989-10-18,476.5771584430149
1989-10-19,467.6563914202507
1989-10-20,463.3765973806361
1989-10-23,463.9880014128597
1989-10-24,467.78265901764644
1989-10-25,457.624400728014
1989-10-26,460.87411093939966
1989-10-27,458.61165103201705
1989-10-30,451.22494988546083
1989-10-31,451.45069556378405
1989-11-01,453.8293185153249
1989-11-02,449.30484299674237
1989-11-03,449.6940597096157
1989-11-06,448.8371531106106
1989-11-07,447.85653598507974
1989-11-08,448.67323047979266
1989-11-09,447.37397949940714
1989-11-10,450.1994316461114
1989-11-13,448.38392415680613
1989-11-14,450.6370523773302
1989-11-15,446.6034132939901
1989-11-16,450.843730705447
1989-11-17,451.9690057734515
1989-11-20,445.6004932368576
1989-11-21,450.9231390112471
1989-11-22,452.8381691981243
1989-11-23,447.3474292603637
1989-11-24,453.8274536001383
1989-11-27,451.00063877245265
1989-11-28,448.46535729820886
1989-11-29,449.92041505035553
1989-11-30,451.2963472185563
1989-12-01,450.43758910148176
1989-12-04,451.70659456875285
1989-12-05,448.64494013080775
1989-12-06,451.3284502910644
1989-12-07,447.9843660713854
1989-12-08,451.1495273861697
1989-12-11,449.5865765469991
1989-12-12,450.1932355971118
1989-12-13,454.8764688607416
1989-12-14,454.77794440269656
1989-12-15,453.9157998211018
1989-12-18,450.29243684128136
1989-12-19,452.2764360460019
1989-12-20,455.9700591322564
1989-12-21,453.7704356264223
1989-12-22,458.93845591370797
1989-12-25,454.7982718943992
1989-12-26,454.5701272259943
1989-12-27,453.6603282069183
1989-12-28,454.8947665821553
1989-12-29,454.4732683450868
1990-01-01,454.8421029652442
1990-01-02,453.8208217455097
1990-01-03,448.31986551458823
1990-01-04,445.53710984614645
1990-01-05,442.8582900801441
1990-01-08,446.5379120560868
1990-01-09,441.4080664523639
1990-01-10,437.5510444588259
1990-01-11,441.6295879907558
1990-01-12,444.7146058053756
1990-01-15,437.6978108040248
1990-01-16,438.01672440115266
1990-01-17,434.8480987715604
1990-01-18,432.9435906120256
1990-01-19,433.63413679449786
1990-01-22,429.52424900158087
1990-01-23,429.22488957537195
1990-01-24,427.84733303717655
1990-01-25,424.25194903718267
1990-01-26,426.29679186866406
1990-01-29,422.34688203372326
1990-01-30,419.6540056602558
1990-01-31,420.90608051067
1990-02-01,417.9860977962078
1990-02-02,420.0238095793898
1990-02-05,420.037829158233
1990-02-06,422.4305410508785
1990-02-07,421.23917765891025
1990-02-08,420.28154763148484
1990-02-09,422.14562824944727
1990-02-12,423.4420675312263
1990-02-13,421.7846004770395
1990-02-14,420.72576004652876
1990-02-15,418.03641276855205
1990-02-16,418.647550388648
1990-02-19,420.339104538651
1990-02-20,419.7908964086644
1990-02-21,420.7730065808247
1990-02-22,421.3786704529915
1990-02-23,422.4679165742904
1990-02-26,421.2960770444103
1990-02-27,422.56269962547714
1990-02-28,421.7659217375818
1990-03-01,418.23955681219024
1990-03-02,421.2075575353793
1990-03-05,423.6744791231636
1990-03-06,422.19696039239057
1990-03-07,426.8303320154693
1990-03-08,429.606081951683
1990-03-09,429.7364271078813
1990-03-12,427.4689333059243
1990-03-13,431.9146696946049
1990-03-14,429.833434611476
1990-03-15,429.5853818354014
1990-03-16,429.786380913007
1990-03-19,431.2548374779395
1990-03-20,431.86911364055953
1990-03-21,433.8807422480975
1990-03-22,434.66394585682895
1990-03-23,435.12725666692177
1990-03-26,436.87987256851125
1990-03-27,439.3358677162643
1990-03-28,439.62311613665753
1990-03-29,435.1025443329301
1990-03-30,433.56197227592554
1990-04-02,440.3227875909921
1990-04-03,434.3932598326456
1990-04-04,436.00094516808264
1990-04-05,433.05376382356053
1990-04-06,430.7981534074902
1990-04-09,435.00382053838564
1990-04-10,434.5888932398828
1990-04-11,430.81810436878203
1990-04-12,425.5972959890268
1990-04-13,429.1297199152102
1990-04-16,430.26963740263506
1990-04-17,425.384600426034
1990-04-18,428.0726299642495
1990-04-19,426.77660727543235
1990-04-20,427.1735171957199
1990-04-23,425.32624478291206
1990-04-24,422.1422446182833
1990-04-25,425.8747729591165
1990-04-26,422.14468560961353
1990-04-27,421.5613443674701
1990-04-30,418.7965908677018
1990-05-01,421.63496978596737
1990-05-02,422.51341269378685
1990-05-03,425.8495551013702
1990-05-04,431.71669194285346
1990-05-07,426.94726819016205
1990-05-08,428.26378883207946
1990-05-09,436.79544767799854
1990-05-10,435.01700273659367
1990-05-11,435.884596800002
1990-05-14,441.5144536281553
1990-05-15,439.78599928012636
1990-05-16,447.06578196750536
1990-05-17,446.4365269656516
1990-05-18,445.75390120120295
1990-05-21,453.6085212582944
1990-05-22,449.3350382845651
1990-05-23,454.31999642853214
1990-05-24,455.26958247890946
1990-05-25,459.51804633963565
1990-05-28,462.09201772057463
1990-05-29,460.5599480032643
1990-05-30,460.7267007989597
1990-05-31,465.5281933075473
1990-06-01,462.4182553082216
1990-06-04,468.187761841649
1990-06-05,463.3691071894757
1990-06-06,461.7399755471542
1990-06-07,462.5440748228955
1990-06-08,458.5407398400583
1990-06-11,458.94314636792
1990-06-12,463.4827014790475
1990-06-13,458.7400654774658
1990-06-14,457.37974792544867
1990-06-15,460.55425402021785
1990-06-18,461.5778352920176
1990-06-19,460.04149326869947
1990-06-20,460.21093194949253
1990-06-21,455.73640717285866
1990-06-22,453.75617048403285
1990-06-25,459.97021966450063
1990-06-26,455.34578559025357
1990-06-27,455.04919557787554
1990-06-28,458.18278150379064
1990-06-29,455.9645889263723
1990-07-02,455.0449142627392
1990-07-03,458.228305531819
1990-07-04,451.1768292264291
1990-07-05,454.04305015591063
1990-07-06,451.3892236815138
1990-07-09,451.1809359719219
1990-07-10,453.3303437780468
1990-07-11,450.35005916574727
1990-07-12,449.7349975541948
1990-07-13,450.2487827898495
1990-07-16,446.35163543354514
1990-07-17,444.61557694179373
1990-07-18,443.4826122580453
1990-07-19,440.75859468223365
1990-07-20,449.029111341023
1990-07-23,441.33723392605805
1990-07-24,442.62155969825295
1990-07-25,441.8270050687772
1990-07-26,442.44701356228364
1990-07-27,442.896749714382
1990-07-30,442.323202058824
1990-07-31,438.47792932807465
1990-08-01,436.80248361729826
1990-08-02,435.20488293942094
1990-08-03,431.4918955206572
1990-08-06,432.93409360838945
1990-08-07,427.99893764701534
1990-08-08,425.9936527487777
1990-08-09,423.33069654967926
1990-08-10,421.90615354154335
1990-08-13,417.35005251849464
1990-08-14,411.8269748427349
1990-08-15,412.89485022515015
1990-08-16,408.3082322664529
1990-08-17,406.1513290958899
1990-08-20,406.01409665051386
1990-08-21,404.93259497644243
1990-08-22,400.11123290676386
1990-08-23,398.32456274379257
1990-08-24,398.7310731784971
1990-08-27,393.5086754462944
1990-08-28,395.8013919753627
1990-08-29,389.513887803549
1990-08-30,382.7266819432346
1990-08-31,385.295850906305
1990-09-03,382.39492131500526
1990-09-04,381.9447832861205
1990-09-05,378.60987358304334
1990-09-06,374.9346011132522
1990-09-07,370.777406323606
1990-09-10,370.55230603027843
1990-09-11,367.2624351542039
1990-09-12,365.66937476012765
1990-09-13,365.72184430257914
1990-09-14,365.60276945044774
1990-09-17,361.22536387671863
1990-09-18,356.320759142712
1990-09-19,357.2183838568275
1990-09-20,356.5199389739951
1990-09-21,351.31010985463337
1990-09-24,350.14616068981144
1990-09-25,348.41436954946255
1990-09-26,345.04847285487153
1990-09-27,345.55483805210747
1990-09-28,342.2728883903241
1990-10-01,342.4226174342567
1990-10-02,339.42053930338557
1990-10-03,339.418712942854
1990-10-04,340.6196789699794
1990-10-05,337.99537419200306
1990-10-08,340.77854498500614
1990-10-09,336.42386784707196
1990-10-10,336.7132978474164
1990-10-11,337.13994589890575
1990-10-12,332.4421543386005
1990-10-15,331.11869632327887
1990-10-16,330.7620993263131
1990-10-17,334.65058501503626
1990-10-18,330.88396209844854
1990-10-19,335.2839229450993
1990-10-22,329.3692846117691
1990-10-23,329.8586052786169
1990-10-24,331.3448608870099
1990-10-25,331.356951369027
1990-10-26,330.6986151475455
1990-10-29,328.5579721821454
1990-10-30,327.51500288621946
1990-10-31,326.073182182274
1990-11-01,328.0324465026399
1990-11-02,327.5147944567261
1990-11-05,328.73707362286876
1990-11-06,331.75789242027184
1990-11-07,333.1642919473615
1990-11-08,334.38164766007793
1990-11-09,338.01568060088084
1990-11-12,340.1702539812976
1990-11-13,340.4225733404536
1990-11-14,344.52648069162365
1990-11-15,341.774220607667
1990-11-16,345.14722573525034
1990-11-19,345.99141790231425
1990-11-20,345.7419552484435
1990-11-21,350.62609754497686
1990-11-22,352.3375481757057
1990-11-23,357.0236516322251
1990-11-26,357.26473157860477
1990-11-27,356.11672396133105
1990-11-28,363.10247239800304
1990-11-29,363.801586287594
1990-11-30,364.4877588418578
1990-12-03,363.76899558531636
1990-12-04,363.18369597491545
1990-12-05,365.0083106778183
1990-12-06,368.4397745288659
1990-12-07,370.662702701765
1990-12-10,370.80105311289225
1990-12-11,367.8213025596202
1990-12-12,367.41648750753853
1990-12-13,370.50963173625075
1990-12-14,367.73373545796545
1990-12-17,372.38213866568753
1990-12-18,372.2751220016371
1990-12-19,372.4504223494335
1990-12-20,371.10934773764507
1990-12-21,375.82827900348434
1990-12-24,374.64014893429845
1990-12-25,374.2154326318497
1990-12-26,371.77854821050346
1990-12-27,377.9234341359803
1990-12-28,382.1131717866613
1990-12-31,382.69257161144753
1991-01-01,380.51283564640573
1991-01-02,382.08397676094086
1991-01-03,386.00300888808175
1991-01-04,385.04015267649254
1991-01-07,389.439250945935
1991-01-08,392.23892729579194
1991-01-09,395.0498732481798
1991-01-10,394.3517237956704
1991-01-11,396.06297779882533
1991-01-14,396.64455747269665
1991-01-15,398.6744533612975
1991-01-16,401.8195581991884
1991-01-17,404.97256359457964
1991-01-18,408.0499992281194
1991-01-21,406.5293899184473
1991-01-22,413.2133104382202
1991-01-23,411.5867027362133
1991-01-24,414.1041063748422
1991-01-25,414.6062225250776
1991-01-28,413.1145913462408
1991-01-29,422.0732082240976
1991-01-30,423.8136082159407
1991-01-31,423.7131495211959
1991-02-01,426.5065754157642
1991-02-04,429.5326800632083
1991-02-05,427.1377712648071
1991-02-06,431.44058937676743
1991-02-07,436.40495588647804
1991-02-08,434.043397235934
1991-02-11,439.5409987672144
1991-02-12,438.02975115660973
1991-02-13,444.1893127229048
1991-02-14,445.22143266794114
1991-02-15,443.8426490824102
1991-02-18,452.2404106517346
1991-02-19,450.13879221351414
1991-02-20,452.14582868485496
1991-02-21,456.6399195851344
1991-02-22,461.02309462533185
1991-02-25,458.26970929361346
1991-02-26,462.98139297978923
1991-02-27,466.0760728057768
1991-02-28,468.9495452172115
1991-03-01,469.43252184925825
1991-03-04,469.84977722929136
1991-03-05,470.4597506722459
1991-03-06,474.3259160866061
1991-03-07,473.2841888037683
1991-03-08,470.5789586982015
1991-03-11,480.32634820586117
1991-03-12,483.1861271034895
1991-03-13,477.04676907248347
1991-03-14,482.04872740986224
1991-03-15,487.7508553917223
1991-03-18,493.0229699593297
1991-03-19,489.81702681484217
1991-03-20,489.74673380000996
1991-03-21,492.8610273709711
1991-03-22,498.49826263968606
1991-03-25,495.2790270307316
1991-03-26,496.6867160447613
1991-03-27,499.2734327099814
1991-03-28,499.8957628667888
1991-03-29,502.49211801200204
1991-04-01,506.1568059283645
1991-04-02,502.7832591216195
1991-04-03,501.2333054353851
1991-04-04,501.02863902612637
1991-04-05,497.73403835727885
1991-04-08,503.7638018347676
1991-04-09,501.24829090441074
1991-04-10,500.88531979536526
1991-04-11,509.2344690525708
1991-04-12,501.87492054101847
1991-04-15,499.1373892845029
1991-04-16,499.8472291591568
1991-04-17,503.68522878088066
1991-04-18,500.98745577682456
1991-04-19,496.99832042082085
1991-04-22,502.79311457304965
1991-04-23,498.7156049293692
1991-04-24,504.9676461864429
1991-04-25,502.87736077894823
1991-04-26,498.9523736715973
1991-04-29,503.16772664405937
1991-04-30,500.0295912774612
1991-05-01,503.41898474658024
1991-05-02,503.9256084580168
1991-05-03,502.0035003738544
1991-05-06,503.9438483494173
1991-05-07,509.61946914068085
1991-05-08,507.599307663131
1991-05-09,508.86731324335165
1991-05-10,508.9045439045135
1991-05-13,513.8869000925814
1991-05-14,519.5625415228573
1991-05-15,512.968966979519
1991-05-16,517.2510428912782
1991-05-17,522.3215867668031
1991-05-20,519.9272097773518
1991-05-21,522.7933928397478
1991-05-22,520.3183545246245
1991-05-23,525.7081171879441
1991-05-24,525.5843416520564
1991-05-27,530.1729693951361
1991-05-28,532.2142185884926
1991-05-29,537.4476406229226
1991-05-30,533.6288377540781
1991-05-31,534.4692245726411
1991-06-03,532.8255800645626
1991-06-04,530.081872712102
1991-06-05,530.6305610022101
1991-06-06,527.6710795148103
1991-06-07,527.6163279583635
1991-06-10,529.3606639565447
1991-06-11,521.9826591266004
1991-06-12,526.3356800362258
1991-06-13,525.5241477585336
1991-06-14,520.5145407091813
1991-06-17,514.0489894754121
1991-06-18,516.7281801252385
1991-06-19,520.4016567514063
1991-06-20,515.7379214234459
1991-06-21,511.9772693391012
1991-06-24,512.0070443036457
1991-06-25,514.2121506132216
1991-06-26,512.2166887263933
1991-06-27,508.9748615653782
1991-06-28,507.4176240512699
1991-07-01,508.80476728365187
1991-07-02,508.90292470562366
1991-07-03,516.8637714289287
1991-07-04,513.3597727520586
1991-07-05,518.7966881329498
1991-07-08,521.0663695771937
1991-07-09,521.1999091559405
1991-07-10,518.9715195090658
1991-07-11,522.6337656552151
1991-07-12,523.008788238431
1991-07-15,522.1972608114282
1991-07-16,526.9204291018375
1991-07-17,524.4611362711248
1991-07-18,532.2214772747827
1991-07-19,529.3596120223168
1991-07-22,532.6443737415914
1991-07-23,534.3863269995873
1991-07-24,534.4633408050012
1991-07-25,538.2604694891273
1991-07-26,536.9424809435575
1991-07-29,542.110713990721
1991-07-30,537.6595137734787
1991-07-31,543.1930257737838
1991-08-01,548.9318366306168
1991-08-02,541.7504098567395
1991-08-05,543.4395118766945
1991-08-06,547.5054480464429
1991-08-07,547.4093938669306
1991-08-08,548.6958876704487
1991-08-09,549.8958879012624
1991-08-12,551.1174150803043
1991-08-13,553.2476572549773
1991-08-14,552.1461969183762
1991-08-15,551.1748715559117
1991-08-16,554.5237602326206
1991-08-19,558.7489605004597
1991-08-20,553.950651090044
1991-08-21,552.4415964418524
1991-08-22,559.0537925041432
1991-08-23,556.4719441347115
1991-08-26,551.5813526482204
1991-08-27,560.8388244517928
1991-08-28,557.8100318323472
1991-08-29,559.8893656324831
1991-08-30,561.9111716292133
1991-09-02,561.1333026812802
1991-09-03,562.2061654076066
1991-09-04,558.6197621259655
1991-09-05,560.8941880016546
1991-09-06,558.3537091322971
1991-09-09,560.7637340439456
1991-09-10,560.0386095797847
1991-09-11,555.3322824679868
1991-09-12,560.5907976827681
1991-09-13,555.6917763789828
1991-09-16,559.0564986468612
1991-09-17,557.4508491957581
1991-09-18,561.1620467891983
1991-09-19,555.0532293699465
1991-09-20,554.3271609278612
1991-09-23,554.8663412075579
1991-09-24,553.7030354548829
1991-09-25,556.3838763415619
1991-09-26,549.3158294953705
1991-09-27,550.4999131299116
1991-09-30,550.0873113612491
1991-10-01,556.6770206380435
1991-10-02,559.7981251613644
1991-10-03,555.7684488835064
1991-10-04,556.5985622226475
1991-10-07,558.2760371841157
1991-10-08,562.3421726669338
1991-10-09,557.5125318553384
1991-10-10,561.7957027895458
1991-10-11,564.8870893253031
1991-10-14,564.5780666588581
1991-10-15,564.7247187972783
1991-10-16,568.043656458318
1991-10-17,558.5877890493289
1991-10-18,569.1923209033113
1991-10-21,566.4413765550267
1991-10-22,564.1209151564153
1991-10-23,571.8240167253803
1991-10-24,575.3266361146211
1991-10-25,572.04648175177
1991-10-28,576.2118496422813
1991-10-29,579.152599741094
1991-10-30,579.3487236016633
1991-10-31,581.3380997364043
1991-11-01,576.9878037744461
1991-11-04,573.3209527674115
1991-11-05,566.7836949733884
1991-11-06,568.9200881400341
1991-11-07,565.4925583369193
1991-11-08,572.3036672425592
1991-11-11,563.9383449764895
1991-11-12,563.0631615453685
1991-11-13,562.5504606946421
1991-11-14,559.4177021365191
1991-11-15,562.3189465054325
1991-11-18,554.165176773161
1991-11-19,554.7428612996547
1991-11-20,550.4653983689864
1991-11-21,547.1990342031859
1991-11-22,547.4780056263627
1991-11-25,547.384703072362
1991-11-26,544.6478643226704
1991-11-27,542.2739966140385
1991-11-28,538.6867966800642
1991-11-29,540.6252617552187
1991-12-02,538.7549021612191
1991-12-03,546.9058548424647
1991-12-04,547.0643974961808
1991-12-05,544.8501368555285
1991-12-06,550.0167823658995
1991-12-09,550.8149851923282
1991-12-10,555.8131941938872
1991-12-11,560.7013209301564
1991-12-12,553.7753980902006
1991-12-13,561.3951668540726
1991-12-16,562.6849704663964
1991-12-17,567.1040472215199
1991-12-18,567.8901142643754
1991-12-19,567.230872013818
1991-12-20,570.5538770096373
1991-12-23,571.284244393901
1991-12-24,578.7736012565746
1991-12-25,577.8550930694469
1991-12-26,585.4310702891509
1991-12-27,581.8745375640518
1991-12-30,582.1223756382576
1991-12-31,581.9022435151771
1992-01-01,582.2531984082344
1992-01-02,584.0998441919608
1992-01-03,590.7666220557811
1992-01-06,592.7002958373321
1992-01-07,587.7332935801886
1992-01-08,596.2964860285547
1992-01-09,593.4284971580369
1992-01-10,596.5307640299486
1992-01-13,602.1388497697968
1992-01-14,601.2408567597784
1992-01-15,598.9870915500278
1992-01-16,598.3523810306345
1992-01-17,595.7913679522525
1992-01-20,601.3444154786512
1992-01-21,604.1219253667215
1992-01-22,603.0175445177597
1992-01-23,606.861183637018
1992-01-24,608.7471056662137
1992-01-27,609.0838746328564
1992-01-28,609.0423172111398
1992-01-29,612.8058329601799
1992-01-30,614.9092192413875
1992-01-31,611.468004196033
1992-02-03,620.4341436849376
1992-02-04,617.0539978613399
1992-02-05,618.6897103098145
1992-02-06,622.1022531586678
1992-02-07,621.9098122957503
1992-02-10,625.4329165100686
1992-02-11,624.645527559886
1992-02-12,623.1223482765914
1992-02-13,627.4573400361012
1992-02-14,624.0277148182261
1992-02-17,629.252437048773
1992-02-18,630.1032661256808
1992-02-19,630.8504228368977
1992-02-20,632.4031251497305
1992-02-21,628.1482326746507
1992-02-24,633.6790544976088
1992-02-25,637.0283394709087
1992-02-26,638.5557706254439
1992-02-27,636.0762596310335
1992-02-28,644.7345684974257
1992-03-02,636.011779057559
1992-03-03,639.9692895486775
1992-03-04,636.3479845886031
1992-03-05,631.0611380169744
1992-03-06,636.8306450998101
1992-03-09,625.5977255541924
1992-03-10,630.3694727408129
1992-03-11,628.7530417940764
1992-03-12,621.6744953513133
1992-03-13,626.2444713246147
1992-03-16,619.29321935219
1992-03-17,619.1202706710991
1992-03-18,617.1950736458595
1992-03-19,614.1504050970366
1992-03-20,615.2229508440292
1992-03-23,613.3438588901174
1992-03-24,603.7814404415599
1992-03-25,611.2592404555426
1992-03-26,600.4627938611733
1992-03-27,606.8153737632447
1992-03-30,605.2975170665488
1992-03-31,596.846446129496
1992-04-01,598.5060064914227
1992-04-02,596.0425112855391
1992-04-03,598.3308016332774
1992-04-06,597.6711670416367
1992-04-07,600.5439975717361
1992-04-08,601.7478286823434
1992-04-09,601.6197401366622
1992-04-10,595.391822403119
1992-04-13,596.0657408817174
1992-04-14,591.2907832345767
1992-04-15,593.529163206934
1992-04-16,598.4240455039879
1992-04-17,599.979520488173
1992-04-20,591.1219261650933
1992-04-21,592.6532925779849
1992-04-22,593.9572522864604
1992-04-23,594.489065730906
1992-04-24,590.8778867050816
1992-04-27,594.1588915002685
1992-04-28,591.1204590199444
1992-04-29,592.1042233465198
1992-04-30,593.3863731472059
1992-05-01,592.2398514550545
1992-05-04,591.3788438347474
1992-05-05,592.7984732177385
1992-05-06,593.3131492172995
1992-05-07,592.9286256455354
1992-05-08,593.7109182384523
1992-05-11,599.6885033145315
1992-05-12,597.0561260142282
1992-05-13,594.9596019045478
1992-05-14,598.371779835519
1992-05-15,595.7520819050224
1992-05-18,600.7057058686368
1992-05-19,598.762310494217
1992-05-20,597.7921388484963
1992-05-21,599.9086464185458
1992-05-22,594.319745512642
1992-05-25,596.1036962117199
1992-05-26,596.3563805216619
1992-05-27,600.8239526139813
1992-05-28,606.057173976582
1992-05-29,608.0185154545352
1992-06-01,602.140493900339
1992-06-02,600.6435849434176
1992-06-03,592.6769979937374
1992-06-04,595.3643638699374
1992-06-05,593.5603923619218
1992-06-08,592.9864841673926
1992-06-09,593.2611029159974
1992-06-10,591.2905084934234
1992-06-11,585.7657172274501
1992-06-12,592.762191129489
1992-06-15,586.3269531052587
1992-06-16,589.1296368813328
1992-06-17,593.4558112581253
1992-06-18,583.6101663999214
1992-06-19,577.8438174346071
1992-06-22,583.3572251009452
1992-06-23,586.3491856808995
1992-06-24,587.787159955085
1992-06-25,577.4657239247155
1992-06-26,581.4303796362051
1992-06-29,577.5971017037009
1992-06-30,577.5938622302384
1992-07-01,586.8151477566659
1992-07-02,576.0563587956152
1992-07-03,582.4192619242825
1992-07-06,584.3104040842848
1992-07-07,587.3875431145839
1992-07-08,585.7741486833027
1992-07-09,587.6652713956129
1992-07-10,586.8869624786703
1992-07-13,590.1112450261027
1992-07-14,589.5873282916325
1992-07-15,593.7256049022296
1992-07-16,592.0780163719272
1992-07-17,595.5860285434326
1992-07-20,595.6717351585639
1992-07-21,600.4170306482539
1992-07-22,598.201077032092
1992-07-23,594.3409833236105
1992-07-24,604.7539140674257
1992-07-27,599.5424815032153
1992-07-28,601.6076800143849
1992-07-29,603.0927011368061
1992-07-30,610.3766937099814
1992-07-31,601.0425692239079
1992-08-03,616.2791374342431
1992-08-04,609.1904560405799
1992-08-05,605.8979891537831
1992-08-06,604.2893020669695
1992-08-07,604.5508724387252
1992-08-10,604.4946361838023
1992-08-11,604.1019418227819
1992-08-12,603.0666671806542
1992-08-13,600.90261608864
1992-08-14,599.280282121813
1992-08-17,598.6585695142433
1992-08-18,597.7691087442951
1992-08-19,600.9813701682257
1992-08-20,598.6074159734559
1992-08-21,587.3160030924269
1992-08-24,597.276251614549
1992-08-25,595.1481174119892
1992-08-26,593.7599177398859
1992-08-27,591.9106107769828
1992-08-28,595.6399892526158
1992-08-31,594.3625937696671
1992-09-01,590.1244383338983
1992-09-02,594.4761994370058
1992-09-03,591.2385360777007
1992-09-04,590.8781778770992
1992-09-07,593.9739956733856
1992-09-08,599.2740043313466
1992-09-09,600.4099813315675
1992-09-10,599.9598562265678
1992-09-11,601.4610109293034
1992-09-14,601.7021429298607
1992-09-15,599.0916554174853
1992-09-16,603.1866192346312
1992-09-17,605.167691875208
1992-09-18,605.9018954406819
1992-09-21,608.0899867387064
1992-09-22,607.5128680001328
1992-09-23,607.307941243231
1992-09-24,610.3661073932184
1992-09-25,607.9131567600806
1992-09-28,606.1865127532285
1992-09-29,609.2528421769669
1992-09-30,608.3557004900091
1992-10-01,608.977915472877
1992-10-02,611.0098904665596
1992-10-05,609.4387345639705
1992-10-06,611.3317635861883
1992-10-07,606.8854178028425
1992-10-08,613.7523333376449
1992-10-09,613.5145638881506
1992-10-12,611.4153766674015
1992-10-13,616.3614574739139
1992-10-14,617.6315345422846
1992-10-15,610.2186152559275
1992-10-16,613.2293661338941
1992-10-19,613.6220712697242
1992-10-20,613.5085171968395
1992-10-21,619.378113827483
1992-10-22,616.6366356038822
1992-10-23,616.8330939919914
1992-10-26,611.8728360597055
1992-10-27,620.4461204647113
1992-10-28,615.0622860554479
1992-10-29,619.4990221760438
1992-10-30,620.5894940488042
1992-11-02,626.0180343449152
1992-11-03,619.7699378762111
1992-11-04,616.4740848339138
1992-11-05,628.5796973538477
1992-11-06,635.7601056828133
1992-11-09,636.0961135689232
1992-11-10,634.9440112898734
1992-11-11,634.8208885376339
1992-11-12,641.0751046371872
1992-11-13,637.5001641121424
1992-11-16,644.2765977766828
1992-11-17,646.50980494684
1992-11-18,650.4511997416294
1992-11-19,658.1271980126949
1992-11-20,652.603296180879
1992-11-23,651.8250782573402
1992-11-24,655.574170746793
1992-11-25,652.0163387431169
1992-11-26,657.7268778373768
1992-11-27,660.8559539083471
1992-11-30,662.6689521376416
1992-12-01,665.1372279518711
1992-12-02,662.1179943615118
1992-12-03,668.8008440564008
1992-12-04,665.294846276641
1992-12-07,665.4844330979262
1992-12-08,664.6452196477578
1992-12-09,666.4748000642755
1992-12-10,668.927809259058
1992-12-11,663.5117268342594
1992-12-14,664.4290236618884
1992-12-15,665.8315753690998
1992-12-16,662.5770800701866
1992-12-17,664.5544121461621
1992-12-18,665.9202918994325
1992-12-21,670.6509487331217
1992-12-22,668.830589746721
1992-12-23,668.8225636673408
1992-12-24,671.2416769629219
1992-12-25,668.1609919904993
1992-12-28,670.1483664845582
1992-12-29,668.7196616876971
1992-12-30,670.1754674524371
1992-12-31,667.5591862557123
1993-01-01,663.054202905467
1993-01-04,672.5213419016537
1993-01-05,679.5111943027762
1993-01-06,679.586972267674
1993-01-07,681.4752211295789
1993-01-08,684.1559104820134
1993-01-11,682.0118765062194
1993-01-12,684.1448452946212
1993-01-13,683.1197749135696
1993-01-14,685.9202152558303
1993-01-15,690.9011360322319
1993-01-18,694.7163791934006
1993-01-19,691.860610446359
1993-01-20,692.5692127888611
1993-01-21,695.9264542610683
1993-01-22,699.8195761089191
1993-01-25,694.4743667286426
1993-01-26,693.2793881673775
1993-01-27,701.207323861745
1993-01-28,700.6563198384222
1993-01-29,704.9842833555344
1993-02-01,705.5913067774213
1993-02-02,703.8480259733612
1993-02-03,709.8994099748501
1993-02-04,705.266324186851
1993-02-05,704.5084076025006
1993-02-08,704.9741553153146
1993-02-09,698.1265659527835
1993-02-10,705.1065147541051
1993-02-11,700.5346224357145
1993-02-12,702.4859457073105
1993-02-15,695.7294165642024
1993-02-16,693.3890916804272
1993-02-17,701.0137168134055
1993-02-18,698.8125513718077
1993-02-19,693.6987000553158
1993-02-22,693.1568406139666
1993-02-23,699.4409741816241
1993-02-24,690.7383576501574
1993-02-25,699.9169301678136
1993-02-26,690.4368274163884
1993-03-01,696.9128443342532
1993-03-02,694.689350678166
1993-03-03,699.0738163194259
1993-03-04,696.2135184752929
1993-03-05,698.6864717506862
1993-03-08,700.5436688666491
1993-03-09,698.0315647577588
1993-03-10,705.2983219924417
1993-03-11,702.0396964036106
1993-03-12,704.1922432426164
1993-03-15,702.6413753229979
1993-03-16,698.2464060567905
1993-03-17,707.7894320545961
1993-03-18,718.1861947289043
1993-03-19,713.5760632630553
1993-03-22,711.8826733449216
1993-03-23,712.1793886806468
1993-03-24,714.3644034729076
1993-03-25,717.4106912586066
1993-03-26,712.3937472021979
1993-03-29,721.7971977281376
1993-03-30,721.5446917887415
1993-03-31,722.7360072518427
1993-04-01,720.6445730654189
1993-04-02,718.0582549152042
1993-04-05,719.3210860517078
1993-04-06,717.9503542126633
1993-04-07,713.4914816052669
1993-04-08,711.636103378929
1993-04-09,712.9736909362999
1993-04-12,717.051151840263
1993-04-13,706.0694897469282
1993-04-14,704.1985429144355
1993-04-15,708.9216630528231
1993-04-16,707.4539375534579
1993-04-19,706.8235065296391
1993-04-20,706.0105894580877
1993-04-21,703.3053348662918
1993-04-22,708.2704558965057
1993-04-23,696.3581656589167
1993-04-26,698.0189994083106
1993-04-27,699.5082256395307
1993-04-28,693.0766705867378
1993-04-29,697.1547438629461
1993-04-30,702.5078974693297
1993-05-03,698.3801027011481
1993-05-04,700.705304732093
1993-05-05,697.0724057312217
1993-05-06,700.9236452236117
1993-05-07,703.3701336758277
1993-05-10,705.1754543454142
1993-05-11,712.4428756635397
1993-05-12,711.4975787275854
1993-05-13,707.1834646682411
1993-05-14,713.6339547641987
1993-05-17,716.1587695161153
1993-05-18,720.0883499815293
1993-05-19,723.3089697203424
1993-05-20,715.6218738187226
1993-05-21,717.9882928075122
1993-05-24,718.0100238008412
1993-05-25,723.3520011150224
1993-05-26,727.541692222938
1993-05-27,731.0941407116052
1993-05-28,728.883097758004
1993-05-31,727.7555980519611
1993-06-01,729.2356281378641
1993-06-02,725.4024087421192
1993-06-03,735.8138048418809
1993-06-04,722.1157394601082
1993-06-07,728.401275541903
1993-06-08,734.8516300276098
1993-06-09,727.2774437816012
1993-06-10,726.3238527048657
1993-06-11,725.477762239714
1993-06-14,725.8834660651886
1993-06-15,731.2864540405452
1993-06-16,718.0334429258661
1993-06-17,731.390557418111
1993-06-18,720.4219080392528
1993-06-21,724.38334253429
1993-06-22,723.5567343831856
1993-06-23,727.0087687035708
1993-06-24,718.8480370324576
1993-06-25,726.0751365851008
1993-06-28,731.4936797100213
1993-06-29,718.9927784397258
1993-06-30,724.3764422821897
1993-07-01,721.2325278313792
1993-07-02,725.1061333673626
1993-07-05,723.5722962958916
1993-07-06,721.1203272195033
1993-07-07,725.1429897569102
1993-07-08,729.8416763922061
1993-07-09,722.5634498160537
1993-07-12,725.7941319887381
1993-07-13,718.4532142654303
1993-07-14,719.6091132297821
1993-07-15,724.7124352417785
1993-07-16,728.3070575256215
1993-07-19,724.1654699323722
1993-07-20,721.686461771683
1993-07-21,722.7530668318301
1993-07-22,718.1750719972325
1993-07-23,724.8153437078095
1993-07-26,725.7566300010346
1993-07-27,720.8734739608878
1993-07-28,720.7465415338386
1993-07-29,723.34254495005
1993-07-30,720.7427430013158
1993-08-02,723.6996671466278
1993-08-03,733.1791119301164
1993-08-04,726.2898656915801
1993-08-05,727.5121711437097
1993-08-06,728.0866171501783
1993-08-09,734.8129539288934
1993-08-10,733.0649762415671
1993-08-11,732.9867841071485
1993-08-12,741.8919094768345
1993-08-13,743.9178809152661
1993-08-16,738.1079026097126
1993-08-17,735.0651098078318
1993-08-18,747.3992177161123
1993-08-19,742.7685376861679
1993-08-20,749.9434279821436
1993-08-23,741.290086669779
1993-08-24,753.6916920481901
1993-08-25,747.4706241989472
1993-08-26,756.4643322958058
1993-08-27,755.4537262583266
1993-08-30,753.4819065029694
1993-08-31,757.2457245805714
1993-09-01,762.0497007486588
1993-09-02,760.500213577518
1993-09-03,762.9754574611475
1993-09-06,768.9321658808857
1993-09-07,756.103376286339
1993-09-08,768.8874566059874
1993-09-09,763.7753541107052
1993-09-10,760.6010800602763
1993-09-13,759.606302417239
1993-09-14,764.6276746641626
1993-09-15,769.5406131616477
1993-09-16,766.1815230717549
1993-09-17,773.1286307427557
1993-09-20,762.4193533256365
1993-09-21,768.6068736132053
1993-09-22,764.4980025977076
1993-09-23,771.3780397867979
1993-09-24,774.058694324986
1993-09-27,769.682463592189
1993-09-28,761.9176537672547
1993-09-29,773.4030458005732
1993-09-30,774.9886496102777
1993-10-01,774.875132661101
1993-10-04,778.1021049824742
1993-10-05,769.1942890529365
1993-10-06,775.9778303243754
1993-10-07,777.970701646325
1993-10-08,766.493876295679
1993-10-11,774.6193913135004
1993-10-12,771.4455771886111
1993-10-13,773.0918818778174
1993-10-14,774.7635355971744
1993-10-15,771.5467540653627
1993-10-18,770.8297393444785
1993-10-19,773.5868291241512
1993-10-20,769.2619152756008
1993-10-21,769.279250879737
1993-10-22,776.1179126564472
1993-10-25,769.0594001506629
1993-10-26,776.0912919411148
1993-10-27,775.3153193889459
1993-10-28,766.8632071727175
1993-10-29,770.9293493159288
1993-11-01,777.9552786272635
1993-11-02,769.3332897681084
1993-11-03,771.1195335898271
1993-11-04,774.4876366928041
1993-11-05,775.5165280613312
1993-11-08,771.3077453765281
1993-11-09,769.7608215214925
1993-11-10,777.3451685778268
1993-11-11,778.3533983276958
1993-11-12,775.2085041675084
1993-11-15,771.5504913488642
1993-11-16,767.8942556448412
1993-11-17,767.5983565099924
1993-11-18,772.6008806966173
1993-11-19,771.9881261986488
1993-11-22,775.5627163187442
1993-11-23,772.4584420524908
1993-11-24,763.9584400211614
1993-11-25,773.5799802891719
1993-11-26,765.482421844055
1993-11-29,767.6341737827889
1993-11-30,769.8618946929346
1993-12-01,776.9710018519504
1993-12-02,781.6580022127725
1993-12-03,772.4209075541902
1993-12-06,769.7743476366871
1993-12-07,772.935811950321
1993-12-08,774.6944748452551
1993-12-09,770.4300521100342
1993-12-10,778.9935210958414
1993-12-13,773.3483814095073
1993-12-14,774.7797458238937
1993-12-15,775.8277167789308
1993-12-16,775.2808335881026
1993-12-17,777.2940867974861
1993-12-20,772.0544091656828
1993-12-21,772.67913830785
1993-12-22,770.9754696218071
1993-12-23,777.3423299718654
1993-12-24,779.0584534606952
1993-12-27,778.211575391674
1993-12-28,783.3370147056971
1993-12-29,777.2100547049414
1993-12-30,780.2309689862221
1993-12-31,773.7831198366863
1994-01-03,777.6728062159088
1994-01-04,783.0472790511977
1994-01-05,784.8056539983527
1994-01-06,781.4935067461481
1994-01-07,783.5210006626909
1994-01-10,779.0036872931399
1994-01-11,784.7188657301431
1994-01-12,790.7900157886021
1994-01-13,790.7172903323562
1994-01-14,791.592680754746
1994-01-17,790.9808620426452
1994-01-18,791.9818056249508
1994-01-19,790.5067566947245
1994-01-20,797.073975636361
1994-01-21,797.1479229402121
1994-01-24,798.6101067443615
1994-01-25,795.73029741348
1994-01-26,790.4062221148087
1994-01-27,804.5805240641143
1994-01-28,799.4559168183918
1994-01-31,799.0978534140473
1994-02-01,804.0524476816631
1994-02-02,798.4222571151071
1994-02-03,802.9414211897789
1994-02-04,799.8888968069155
1994-02-07,798.8722632356183
1994-02-08,789.4466995938706
1994-02-09,798.4109554254569
1994-02-10,793.3654006227573
1994-02-11,789.6003176650908
1994-02-14,790.3596959513791
1994-02-15,781.5249723627587
1994-02-16,788.8732148336444
1994-02-17,781.957799473911
1994-02-18,779.436389418994
1994-02-21,777.5228080885176
1994-02-22,786.5831199792234
1994-02-23,778.5207035581668
1994-02-24,785.7060427297874
1994-02-25,776.3917534134813
1994-02-28,770.5949508731001
1994-03-01,770.5744577369011
1994-03-02,777.3516539622851
1994-03-03,769.6618159847109
1994-03-04,765.8482508799761
1994-03-07,766.264376061952
1994-03-08,765.2721185917283
1994-03-09,765.3210250372236
1994-03-10,764.2833283097801
1994-03-11,755.1526715598561
1994-03-14,749.2452165770239
1994-03-15,750.4307720925303
1994-03-16,750.7071722879625
1994-03-17,743.88235094712
1994-03-18,741.67735976202
1994-03-21,744.2874087247562
1994-03-22,740.603014876236
1994-03-23,738.6840071631983
1994-03-24,733.5566364367793
1994-03-25,733.2964539766857
1994-03-28,728.5593439726489
1994-03-29,732.9960455091477
1994-03-30,731.3267273409241
1994-03-31,718.6840612424488
1994-04-01,722.54041819355
1994-04-04,721.012921997962
1994-04-05,724.6208273074108
1994-04-06,727.2154219630112
1994-04-07,722.7775493612456
1994-04-08,725.2324744759775
1994-04-11,725.4672115899835
1994-04-12,730.4203557844204
1994-04-13,730.4546530506001
1994-04-14,728.1021608141571
1994-04-15,731.9237856262666
1994-04-18,729.8154008639366
1994-04-19,731.3598895913592
1994-04-20,739.0262226524653
1994-04-21,738.3492807752251
1994-04-22,729.2043669858566
1994-04-25,737.561381544967
1994-04-26,738.0371057271179
1994-04-27,731.372977217836
1994-04-28,739.1516010703832
1994-04-29,742.3448184282809
1994-05-02,732.1657463775779
1994-05-03,732.5409402502805
1994-05-04,739.2783829724153
1994-05-05,736.1526850905464
1994-05-06,736.7999578064931
1994-05-09,735.6439114955178
1994-05-10,735.4467290565957
1994-05-11,728.7669014829498
1994-05-12,737.0923242688795
1994-05-13,737.1585468280616
1994-05-16,731.6529662586402
1994-05-17,731.9545065176798
1994-05-18,726.1325881227208
1994-05-19,733.2358711182806
1994-05-20,733.0673032887885
1994-05-23,730.3706579827362
1994-05-24,734.3245008455094
1994-05-25,728.6219940506172
1994-05-26,731.5223350055167
1994-05-27,725.3680530685191
1994-05-30,728.6216709220818
1994-05-31,727.6950628167078
1994-06-01,727.8547120693353
1994-06-02,724.4027461938003
1994-06-03,723.9776999207521
1994-06-06,726.1533430855086
1994-06-07,720.3048888108806
1994-06-08,714.8100010030513
1994-06-09,725.6104385958538
1994-06-10,722.9992901788097
1994-06-13,712.1323272329292
1994-06-14,717.957188179421
1994-06-15,712.4221208385791
1994-06-16,713.8883101736682
1994-06-17,712.7290267731831
1994-06-20,709.5846826059857
1994-06-21,706.3757737575335
1994-06-22,705.450432403855
1994-06-23,703.3995037213003
1994-06-24,702.4470493931162
1994-06-27,703.8907569830606
1994-06-28,700.3605033749091
1994-06-29,704.0195982939991
1994-06-30,705.5881873113707
1994-07-01,699.4645456710816
1994-07-04,703.4609994662163
1994-07-05,705.5008548622237
1994-07-06,706.5305531944285
1994-07-07,706.2614277357948
1994-07-08,709.7471899696565
1994-07-11,709.9589751966881
1994-07-12,704.9929821105216
1994-07-13,713.6040772515582
1994-07-14,714.8088148671
1994-07-15,710.0683863137525
1994-07-18,714.0630257647714
1994-07-19,717.5114623736334
1994-07-20,715.46131262156
1994-07-21,721.2037835843341
1994-07-22,726.9936836344382
1994-07-25,716.8213168040637
1994-07-26,715.8220776038521
1994-07-27,723.0477748749589
1994-07-28,725.7134363339218
1994-07-29,723.4239636003958
1994-08-01,731.4557369373001
1994-08-02,723.2300673969514
1994-08-03,732.561832629131
1994-08-04,729.7496114323353
1994-08-05,740.2157956824083
1994-08-08,743.1821162142961
1994-08-09,734.9727557336959
1994-08-10,737.7232441102931
1994-08-11,744.9039452348937
1994-08-12,742.2419383909661
1994-08-15,745.482704062334
1994-08-16,747.7226968966113
1994-08-17,742.413789775602
1994-08-18,751.5430744569176
1994-08-19,750.987758436256
1994-08-22,753.7204365388945
1994-08-23,763.0538853007038
1994-08-24,754.8207463950386
1994-08-25,764.7023456527365
1994-08-26,762.5585793634289
1994-08-29,764.5761078934584
1994-08-30,770.7096071260205
1994-08-31,771.0187044097133
1994-09-01,771.6673093634047
1994-09-02,772.9577880802206
1994-09-05,767.7222141844975
1994-09-06,766.4049548449128
1994-09-07,764.3507130912468
1994-09-08,765.1120953077454
1994-09-09,779.3704258966831
1994-09-12,772.5860798684176
1994-09-13,762.3850287215541
1994-09-14,762.2590415027706
1994-09-15,768.9437464047629
1994-09-16,768.9566970724611
1994-09-19,768.7250918545294
1994-09-20,765.4071028754224
1994-09-21,765.6664755723855
1994-09-22,767.1657466147823
1994-09-23,766.0020763172362
1994-09-26,756.9427837240206
1994-09-27,764.3205151779956
1994-09-28,761.706606551395
1994-09-29,765.3964469901999
1994-09-30,775.9010032745015
1994-10-03,766.9704825617149
1994-10-04,765.4373460645975
1994-10-05,771.2544236299087
1994-10-06,770.6498139952557
1994-10-07,771.4913502686268
1994-10-10,773.2949171713817
1994-10-11,779.9772083969409
1994-10-12,768.7514067469374
1994-10-13,776.0423923091635
1994-10-14,771.7053222566033
1994-10-17,778.5418900424679
1994-10-18,773.9046849331455
1994-10-19,776.943295801616
1994-10-20,778.5112903808159
1994-10-21,784.5661592440681
1994-10-24,785.4439436540305
1994-10-25,778.0749957038263
1994-10-26,784.2667952217363
1994-10-27,782.3671024070089
1994-10-28,781.308065422029
1994-10-31,786.5056472758895
1994-11-01,784.8452015766491
1994-11-02,794.2793286181817
1994-11-03,785.155374762711
1994-11-04,776.7758124635374
1994-11-07,778.6645716567299
1994-11-08,783.5592493383447
1994-11-09,786.4155646328495
1994-11-10,770.8395883130656
1994-11-11,768.4244687204947
1994-11-14,781.6774772020103
1994-11-15,774.6579585020545
1994-11-16,768.5218752891204
1994-11-17,772.6560942113318
1994-11-18,759.1828479283645
1994-11-21,768.0619634340245
1994-11-22,768.035402058954
1994-11-23,769.0479336629915
1994-11-24,760.3696923247091
1994-11-25,763.3067637518535
1994-11-28,758.1932686438477
1994-11-29,761.4289163096817
1994-11-30,755.8012653603103
1994-12-01,757.6612809192177
1994-12-02,755.4406868799194
1994-12-05,761.7031748047689
1994-12-06,762.500672910975
1994-12-07,758.3615856122274
1994-12-08,759.4078837840302
1994-12-09,753.7737912533694
1994-12-12,758.1459304398992
1994-12-13,759.1034821453784
1994-12-14,769.2544372384515
1994-12-15,755.0933251290327
1994-12-16,764.8843810824056
1994-12-19,763.1206539431622
1994-12-20,760.4118567304428
1994-12-21,766.0339128345993
1994-12-22,760.7800893945321
1994-12-23,760.8553152708762
1994-12-26,759.1864806569101
1994-12-27,764.0445149400613
1994-12-28,763.5724315346337
1994-12-29,757.0437861414523
1994-12-30,754.4206205150291
1995-01-02,759.3037195009402
1995-01-03,757.6777624961526
1995-01-04,761.1251834414584
1995-01-05,766.7285031840718
1995-01-06,760.9172647716166
1995-01-09,763.1455252470142
1995-01-10,764.1790143570506
1995-01-11,767.8499261592672
1995-01-12,756.6586411165114
1995-01-13,763.5825616884648
1995-01-16,767.3663663436575
1995-01-17,771.8112871985182
1995-01-18,765.9709073488286
1995-01-19,761.3009859307946
1995-01-20,771.5478873909086
1995-01-23,767.372411472341
1995-01-24,765.8889011825121
1995-01-25,768.7191809210008
1995-01-26,771.0694188660372
1995-01-27,770.1014635952162
1995-01-30,764.5677297425575
1995-01-31,777.2205248492071
1995-02-01,780.1811121241723
1995-02-02,779.2620462954649
1995-02-03,773.8000538062029
1995-02-06,778.9394650737976
1995-02-07,781.2004786351241
1995-02-08,785.0732587704854
1995-02-09,786.8572036766394
1995-02-10,782.8617786611467
1995-02-13,787.5814456575235
1995-02-14,790.5775907024414
1995-02-15,796.045129276924
1995-02-16,794.6029807555993
1995-02-17,796.4679513591692
1995-02-20,795.1983137277078
1995-02-21,802.0116652801113
1995-02-22,799.5630935277559
1995-02-23,796.0222292799801
1995-02-24,806.6237379178025
1995-02-27,805.3456195863246
1995-02-28,802.308763665254
1995-03-01,803.1662649140105
1995-03-02,807.2995243812168
1995-03-03,808.9823595836775
1995-03-06,808.9205687025517
1995-03-07,810.3943436047488
1995-03-08,817.0337423974233
1995-03-09,815.5076713113647
1995-03-10,812.951153504884
1995-03-13,817.0209205190914
1995-03-14,810.0079681115421
1995-03-15,816.852567441587
1995-03-16,823.6351958320571
1995-03-17,816.3816177921075
1995-03-20,814.8275126480941
1995-03-21,816.6484774661312
1995-03-22,815.8759653697454
1995-03-23,818.1492361307271
1995-03-24,820.8767011544242
1995-03-27,817.6426771326875
1995-03-28,824.5246502454507
1995-03-29,829.2163329067515
1995-03-30,822.7740448626382
1995-03-31,833.8464930192451
1995-04-03,831.4423670308977
1995-04-04,835.3749108284217
1995-04-05,830.1247745873719
1995-04-06,838.2059265816309
1995-04-07,831.8526494391095
1995-04-10,841.933452842088
1995-04-11,840.7111254602477
1995-04-12,844.1087932579356
1995-04-13,838.6163256315056
1995-04-14,841.589943280689
1995-04-17,849.7053520650213
1995-04-18,844.9560405402136
1995-04-19,852.7621265172476
1995-04-20,846.7773541878722
1995-04-21,858.0466998671067
1995-04-24,850.9680691861877
1995-04-25,860.4397978263961
1995-04-26,862.5894875017515
1995-04-27,858.730684316618
1995-04-28,866.0831034126866
1995-05-01,867.0906801191487
1995-05-02,866.0231070433779
1995-05-03,866.3778613251458
1995-05-04,864.613267647823
1995-05-05,877.1323331493763
1995-05-08,871.158213518825
1995-05-09,880.8807275308799
1995-05-10,881.7378194830544
1995-05-11,888.3537794588547
1995-05-12,886.4599718938733
1995-05-15,888.7944389769995
1995-05-16,895.9946940255334
1995-05-17,896.7014215144931
1995-05-18,899.1014040169707
1995-05-19,902.2820097435464
1995-05-22,895.7338101389837
1995-05-23,908.5907833184477
1995-05-24,910.4535753468914
1995-05-25,905.5623239431443
1995-05-26,911.5975171375517
1995-05-29,915.0607017007683
1995-05-30,917.1595857973869
1995-05-31,921.8562900221622
1995-06-01,928.2941107244967
1995-06-02,928.0701815729171
1995-06-05,918.3937450969012
1995-06-06,928.7227764306358
1995-06-07,933.3901494985802
1995-06-08,930.4130227270817
1995-06-09,935.0802295090807
1995-06-12,940.770442833877
1995-06-13,937.5681134674016
1995-06-14,935.3544188264943
1995-06-15,940.4772100744655
1995-06-16,937.6676680456085
1995-06-19,938.5036547142216
1995-06-20,938.1449394909102
1995-06-21,948.5605040316598
1995-06-22,938.7546879609241
1995-06-23,951.2559870537481
1995-06-26,947.7991389010091
1995-06-27,940.2267865056331
1995-06-28,950.012003705151
1995-06-29,939.7165097645717
1995-06-30,954.084634649441
1995-07-03,959.5052342980988
1995-07-04,956.6205962120906
1995-07-05,964.2612269807513
1995-07-06,977.3449990054614
1995-07-07,969.6702535701008
1995-07-10,971.2181008374984
1995-07-11,987.9304770576856
1995-07-12,994.6272817577785
1995-07-13,989.2955344843631
1995-07-14,998.6365079525156
1995-07-17,1004.6584662069799
1995-07-18,998.6159496307193
1995-07-19,1004.2856558529078
1995-07-20,1017.3621444829754
1995-07-21,1024.1254897920444
1995-07-24,1022.8894296795045
1995-07-25,1019.9808224687997
1995-07-26,1039.199320989268
1995-07-27,1030.7405551904576
1995-07-28,1036.2728482965479
1995-07-31,1044.3445386636276
1995-08-01,1051.180980782907
1995-08-02,1048.047159496842
1995-08-03,1046.272928431813
1995-08-04,1047.0431311548427
1995-08-07,1045.3671837145116
1995-08-08,1048.574623609083
1995-08-09,1032.9416978600232
1995-08-10,1045.1384443972288
1995-08-11,1048.471787498626
1995-08-14,1041.6962252481005
1995-08-15,1050.2687693486732
1995-08-16,1047.6900135422466
1995-08-17,1058.49067048294
1995-08-18,1058.0562836468412
1995-08-21,1047.8723130277704
1995-08-22,1050.0452880459875
1995-08-23,1050.968631819061
1995-08-24,1049.5017043442513
1995-08-25,1053.4234288712478
1995-08-28,1048.9254792162385
1995-08-29,1047.482924021672
1995-08-30,1057.2404766432614
1995-08-31,1057.799131779851
1995-09-01,1052.9746084853284
1995-09-04,1064.725100962629
1995-09-05,1059.3844429228757
1995-09-06,1066.8570485836253
1995-09-07,1072.6651495119852
1995-09-08,1070.885621382346
1995-09-11,1076.2967807541615
1995-09-12,1073.8718653521191
1995-09-13,1078.3956279742442
1995-09-14,1081.153414343867
1995-09-15,1081.0355781967103
1995-09-18,1086.950552418192
1995-09-19,1082.299783153892
1995-09-20,1090.9007092702695
1995-09-21,1094.8727451588732
1995-09-22,1097.8819977321475
1995-09-25,1100.82227374981
1995-09-26,1104.682344175214
1995-09-27,1110.55743382826
1995-09-28,1115.6440354866393
1995-09-29,1110.0618473108184
1995-10-02,1108.5517867831466
1995-10-03,1111.0256422530533
1995-10-04,1115.7058343525773
1995-10-05,1118.0475029358226
1995-10-06,1117.2903259169116
1995-10-09,1115.921959013367
1995-10-10,1122.2304635273192
1995-10-11,1127.4144502599138
1995-10-12,1131.347856712566
1995-10-13,1126.4451304742418
1995-10-16,1128.8613244667338
1995-10-17,1127.5544738081708
1995-10-18,1134.2333377757484
1995-10-19,1131.2031311060864
1995-10-20,1140.8952768428971
1995-10-23,1129.0776935505623
1995-10-24,1138.8164975103837
1995-10-25,1144.2078089761242
1995-10-26,1145.1614903492782
1995-10-27,1161.161767905047
1995-10-30,1149.3677112858968
1995-10-31,1143.2217565438727
1995-11-01,1150.8210927457262
1995-11-02,1143.5094888040776
1995-11-03,1155.6808817185859
1995-11-06,1153.7166490859302
1995-11-07,1166.2563395128263
1995-11-08,1160.1516596265071
1995-11-09,1165.078004775869
1995-11-10,1164.4618087191068
1995-11-13,1180.7718831058075
1995-11-14,1171.1357438356376
1995-11-15,1186.2207188209875
1995-11-16,1182.680700305755
1995-11-17,1183.171329070278
1995-11-20,1184.9525790898685
1995-11-21,1187.5562916803856
1995-11-22,1176.2310685868213
1995-11-23,1188.4796204948075
1995-11-24,1197.644795305127
1995-11-27,1194.7839528445077
1995-11-28,1189.1383457941854
1995-11-29,1199.7191376168892
1995-11-30,1212.7661048270377
1995-12-01,1211.5737824759703
1995-12-04,1205.2423775142104
1995-12-05,1212.9099939364528
1995-12-06,1206.5052347508658
1995-12-07,1199.964541457127
1995-12-08,1206.2308745963603
1995-12-11,1222.873399512867
1995-12-12,1213.2880400800043
1995-12-13,1215.0351518806847
1995-12-14,1216.2545002021873
1995-12-15,1231.2596104265028
1995-12-18,1231.14508461236
1995-12-19,1236.3534616510158
1995-12-20,1223.3874803579608
1995-12-21,1227.7483835721298
1995-12-22,1218.2050054811689
1995-12-25,1238.1691793759824
1995-12-26,1223.4882156390872
1995-12-27,1233.5929086952435
1995-12-28,1227.0731332226733
1995-12-29,1231.7924812812116
1996-01-01,1231.0192454835187
1996-01-02,1233.199570300645
1996-01-03,1234.388014852641
1996-01-04,1235.0950743467465
1996-01-05,1244.420008245185
1996-01-08,1233.1728672370668
1996-01-09,1242.1585553420878
1996-01-10,1249.1188187733906
1996-01-11,1239.1383301563233
1996-01-12,1238.6325178591535
1996-01-15,1242.4301005176521
1996-01-16,1251.974992229636
1996-01-17,1246.612111820498
1996-01-18,1242.8639845885036
1996-01-19,1249.9617371425477
1996-01-22,1240.83962472658
1996-01-23,1252.7416536601886
1996-01-24,1251.8130119088921
1996-01-25,1248.1097696338632
1996-01-26,1245.5624553017042
1996-01-29,1246.0320902885603
1996-01-30,1255.704094105128
1996-01-31,1260.8303616854205
1996-02-01,1248.835182555097
1996-02-02,1255.3955076346645
1996-02-05,1239.1552066639026
1996-02-06,1248.2604275310573
1996-02-07,1251.4231885843262
1996-02-08,1245.623785017221
1996-02-09,1245.1551839164918
1996-02-12,1246.5349732384022
1996-02-13,1252.2357209746203
1996-02-14,1248.9360351079606
1996-02-15,1235.8182738512078
1996-02-16,1236.2540974772007
1996-02-19,1245.4109627454286
1996-02-20,1251.7577846179706
1996-02-21,1231.4455010797878
1996-02-22,1245.1775508953044
1996-02-23,1244.711367237158
1996-02-26,1256.3548484642652
1996-02-27,1244.9910585413709
1996-02-28,1249.479287040037
1996-02-29,1247.6705899484489
1996-03-01,1233.189801473217
1996-03-04,1250.9330137874595
1996-03-05,1247.1666362634155
1996-03-06,1248.6686237076392
1996-03-07,1269.6263238251595
1996-03-08,1231.888406297999
1996-03-11,1255.2715362965323
1996-03-12,1242.4298351148168
1996-03-13,1245.6839921316207
1996-03-14,1243.2929298805004
1996-03-15,1240.6177979085226
1996-03-18,1239.3927745135366
1996-03-19,1244.6605717617394
1996-03-20,1232.8687401579746
1996-03-21,1246.6329792253139
1996-03-22,1239.0676077578737
1996-03-25,1234.3170439006158
1996-03-26,1238.218268098092
1996-03-27,1248.4889962606005
1996-03-28,1237.0500563688395
1996-03-29,1242.272502046304
1996-04-01,1239.3869415590884
1996-04-02,1252.5574347178656
1996-04-03,1256.0266308221399
1996-04-04,1267.2621825453994
1996-04-05,1258.4825228748612
1996-04-08,1267.756980122587
1996-04-09,1268.110924173907
1996-04-10,1279.6968357566543
1996-04-11,1270.856062913105
1996-04-12,1284.200199058294
1996-04-15,1282.1914384822512
1996-04-16,1287.046777341394
1996-04-17,1292.0841748121456
1996-04-18,1297.169956027236
1996-04-19,1298.837772561363
1996-04-22,1305.0622987019108
1996-04-23,1318.064062632088
1996-04-24,1318.3041795003148
1996-04-25,1321.667288165674
1996-04-26,1317.0626793966305
1996-04-29,1318.3155487086972
1996-04-30,1334.6948674826756
1996-05-01,1336.1358307327473
1996-05-02,1342.0804004696495
1996-05-03,1330.2057102813644
1996-05-06,1334.6687982952712
1996-05-07,1327.2031965429464
1996-05-08,1337.5161704536422
1996-05-09,1348.8097716325226
1996-05-10,1340.966164970419
1996-05-13,1350.3939393561254
1996-05-14,1346.7841041904603
1996-05-15,1352.2434789547763
1996-05-16,1344.2881155173536
1996-05-17,1354.6173730092132
1996-05-20,1335.7566804218409
1996-05-21,1356.7676726574912
1996-05-22,1348.9517364050616
1996-05-23,1370.2578629346576
1996-05-24,1369.3553482864563
1996-05-27,1369.252151474087
1996-05-28,1378.4833019650016
1996-05-29,1363.595834001298
1996-05-30,1384.104626209723
1996-05-31,1380.544808580564
1996-06-03,1369.3635590833244
1996-06-04,1375.6042183186416
1996-06-05,1357.1483193085753
1996-06-06,1355.9507612637208
1996-06-07,1354.3042494211093
1996-06-10,1351.734416494239
1996-06-11,1345.0639976793411
1996-06-12,1357.353230451005
1996-06-13,1344.2634189570992
1996-06-14,1345.2821592985758
1996-06-17,1336.01117917111
1996-06-18,1324.5874381162992
1996-06-19,1335.4877669935358
1996-06-20,1317.9024404176141
1996-06-21,1327.1143622384895
1996-06-24,1315.460175549468
1996-06-25,1334.6117754977754
1996-06-26,1324.4549823639773
1996-06-27,1316.1156108725443
1996-06-28,1320.69244321877
1996-07-01,1302.3911166156531
1996-07-02,1307.008707709977
1996-07-03,1300.3206276397418
1996-07-04,1296.3031450723001
1996-07-05,1298.3883928051105
1996-07-08,1290.4911501244194
1996-07-09,1283.2483304464079
1996-07-10,1266.4631770784347
1996-07-11,1266.567034461891
1996-07-12,1267.5591300350388
1996-07-15,1264.603360392714
1996-07-16,1252.5853015267116
1996-07-17,1270.547480656978
1996-07-18,1260.6153033349408
1996-07-19,1250.617671795086
1996-07-22,1243.0605809485878
1996-07-23,1237.0626676680447
1996-07-24,1228.280639954493
1996-07-25,1230.4236639303665
1996-07-26,1227.3336957145443
1996-07-29,1213.990576815069
1996-07-30,1219.4445980546914
1996-07-31,1212.3181520321143
1996-08-01,1204.9381118896715
1996-08-02,1214.5867645891535
1996-08-05,1220.6054716694823
1996-08-06,1238.020146848267
1996-08-07,1233.185001422325
1996-08-08,1224.8564245577945
1996-08-09,1239.4314270899524
1996-08-12,1230.1806062417797
1996-08-13,1249.8562324176355
1996-08-14,1243.5539311526877
1996-08-15,1249.2777017824158
1996-08-16,1261.5523984733115
1996-08-19,1248.5481298706757
1996-08-20,1251.2336356904268
1996-08-21,1259.7583233861724
1996-08-22,1273.441020290831
1996-08-23,1260.6413335645386
1996-08-26,1255.6914798122152
1996-08-27,1274.293792977499
1996-08-28,1284.1634130667705
1996-08-29,1291.801832529847
1996-08-30,1284.588236625098
1996-09-02,1289.1345877952942
1996-09-03,1303.5052325803645
1996-09-04,1288.1215891758488
1996-09-05,1302.006941825245
1996-09-06,1310.0649249106002
1996-09-09,1316.0597930559286
1996-09-10,1314.0580097421257
1996-09-11,1321.963599257514
1996-09-12,1309.5715153275569
1996-09-13,1326.0394864046993
1996-09-16,1337.8073643182613
1996-09-17,1332.5802398129363
1996-09-18,1343.9448450476652
1996-09-19,1350.9659534343036
1996-09-20,1350.0578388047456
1996-09-23,1357.9650158232403
1996-09-24,1354.7049580805551
1996-09-25,1364.31032542859
1996-09-26,1374.3800172276374
1996-09-27,1375.7712954379426
1996-09-30,1375.1552803650868
1996-10-01,1380.456509447169
1996-10-02,1383.547217274629
1996-10-03,1364.2045954003465
1996-10-04,1386.0291833072815
1996-10-07,1375.4374133688182
1996-10-08,1380.3952224141985
1996-10-09,1385.4198341839708
1996-10-10,1367.4436022994291
1996-10-11,1371.7148471260834
1996-10-14,1374.32344463767
1996-10-15,1370.6280456995883
1996-10-16,1387.6656901259012
1996-10-17,1369.550813516317
1996-10-18,1371.3346321322736
1996-10-21,1376.2709691288846
1996-10-22,1366.3152400559582
1996-10-23,1371.5701873073554
1996-10-24,1376.1816586808313
1996-10-25,1371.4262094666794
1996-10-28,1372.7829718636438
1996-10-29,1369.5018948377271
1996-10-30,1362.4523419045174
1996-10-31,1374.7670298907783
1996-11-01,1389.0706058420783
1996-11-04,1381.557381882722
1996-11-05,1387.4478452217222
1996-11-06,1395.1735456717101
1996-11-07,1385.990711750843
1996-11-08,1411.2551936312182
1996-11-11,1405.277788133118
1996-11-12,1419.8779762677598
1996-11-13,1407.7515042209182
1996-11-14,1430.373768783043
1996-11-15,1427.5728935949946
1996-11-18,1430.5939632849804
1996-11-19,1432.9262248407672
1996-11-20,1434.0845538872743
1996-11-21,1449.147898716097
1996-11-22,1446.1624478586482
1996-11-25,1435.5510259315163
1996-11-26,1446.3629606934826
1996-11-27,1457.8240207470033
1996-11-28,1466.1563910351995
1996-11-29,1468.194467896583
1996-12-02,1478.5612871545488
1996-12-03,1456.2527565253718
1996-12-04,1472.6513275588727
1996-12-05,1459.2053957002663
1996-12-06,1479.185569663196
1996-12-09,1473.8892514992583
1996-12-10,1478.6798470484791
1996-12-11,1470.205009121707
1996-12-12,1487.0352210029962
1996-12-13,1486.284365296797
1996-12-16,1483.9010131699686
1996-12-17,1479.6268855014366
1996-12-18,1485.8836120464262
1996-12-19,1477.3509507682625
1996-12-20,1489.941332945313
1996-12-23,1496.8433423287252
1996-12-24,1493.5568589840661
1996-12-25,1481.1869376154064
1996-12-26,1490.3048116442712
1996-12-27,1478.9986854600975
1996-12-30,1493.8947576270655
1996-12-31,1493.998437356747
1997-01-01,1482.0578941483714
1997-01-02,1492.7467582365937
1997-01-03,1504.7791384682432
1997-01-06,1510.1009358164918
1997-01-07,1508.6802656247112
1997-01-08,1526.325347676791
1997-01-09,1530.8081188578558
1997-01-10,1532.938488257544
1997-01-13,1534.1726839817895
1997-01-14,1553.6800012589665
1997-01-15,1564.0186016039474
1997-01-16,1553.0394147459403
1997-01-17,1557.665493400666
1997-01-20,1571.964119920786
1997-01-21,1570.9808706755664
1997-01-22,1578.403347451205
1997-01-23,1591.093572450851
1997-01-24,1575.789735380028
1997-01-27,1607.2717611230514
1997-01-28,1603.1183945758344
1997-01-29,1605.0371438984462
1997-01-30,1613.4573606351623
1997-01-31,1619.7256721400693
1997-02-03,1603.4241369963554
1997-02-04,1626.8936452102123
1997-02-05,1612.5594191660025
1997-02-06,1613.1987680022103
1997-02-07,1614.6906230066547
1997-02-10,1596.2680938077885
1997-02-11,1605.6720065071122
1997-02-12,1597.163349348825
1997-02-13,1603.4917818640183
1997-02-14,1577.207757386327
1997-02-17,1590.811081293107
1997-02-18,1584.2504409246815
1997-02-19,1589.9132782229478
1997-02-20,1587.6555030426841
1997-02-21,1575.7903920374547
1997-02-24,1573.2202127418423
1997-02-25,1575.430868055451
1997-02-26,1566.7124435406256
1997-02-27,1577.8517330459938
1997-02-28,1565.8141048629302
1997-03-03,1543.9961330300973
1997-03-04,1561.897793862816
1997-03-05,1554.7786164374438
1997-03-06,1548.228726180329
1997-03-07,1549.3832080167726
1997-03-10,1557.951935372277
1997-03-11,1565.5048643757918
1997-03-12,1555.681574284974
1997-03-13,1546.6230377863096
1997-03-14,1552.939908697493
1997-03-17,1543.93872126302
1997-03-18,1540.2084057383329
1997-03-19,1534.7541072561332
1997-03-20,1528.2494209545664
1997-03-21,1536.8441338542243
1997-03-24,1539.1563731517442
1997-03-25,1535.2959994613566
1997-03-26,1530.946788913214
1997-03-27,1524.9937999033723
1997-03-28,1534.9976284280247
1997-03-31,1518.3841485847888
1997-04-01,1536.3035232540776
1997-04-02,1524.6049812269475
1997-04-03,1528.4317347502783
1997-04-04,1524.8605443705678
1997-04-07,1534.1955816904772
1997-04-08,1547.488821288087
1997-04-09,1545.8842155280604
1997-04-10,1551.3939587483314
1997-04-11,1549.8116740096652
1997-04-14,1539.1724793554079
1997-04-15,1547.0898920698735
1997-04-16,1545.5422327992367
1997-04-17,1563.874998899113
1997-04-18,1546.178487412777
1997-04-21,1564.3951880869022
1997-04-22,1566.3499275326622
1997-04-23,1575.6251980976322
1997-04-24,1560.0962849314096
1997-04-25,1570.8326009398104
1997-04-28,1585.0986268563604
1997-04-29,1564.3374947405114
1997-04-30,1559.091107575448
1997-05-01,1563.571091190174
1997-05-02,1591.3506827687036
1997-05-05,1578.0258389607736
1997-05-06,1597.4053654792626
1997-05-07,1611.2934084467408
1997-05-08,1616.7007952470326
1997-05-09,1626.1188183884278
1997-05-12,1631.9750850390064
1997-05-13,1648.1660257980573
1997-05-14,1637.4256519558742
1997-05-15,1647.265369376761
1997-05-16,1654.0809544572146
1997-05-19,1675.0913933860738
1997-05-20,1683.4180650220967
1997-05-21,1687.41373997249
1997-05-22,1701.4018165511084
1997-05-23,1689.198068540055
1997-05-26,1721.2867610042988
1997-05-27,1728.003917827065
1997-05-28,1729.2019541510886
1997-05-29,1746.2440521740766
1997-05-30,1724.417152170128
1997-06-02,1737.1589234653188
1997-06-03,1738.2229657140065
1997-06-04,1753.8571423101296
1997-06-05,1741.2825507668267
1997-06-06,1760.0403535168466
1997-06-09,1768.3654796182293
1997-06-10,1765.3805568104585
1997-06-11,1764.7057828989978
1997-06-12,1756.432150989768
1997-06-13,1760.6144444347028
1997-06-16,1782.1218478538565
1997-06-17,1780.929036329159
1997-06-18,1776.6344361335953
1997-06-19,1776.231756806036
1997-06-20,1764.8666147692784
1997-06-23,1776.343598438338
1997-06-24,1805.9872496009043
1997-06-25,1780.4083675813015
1997-06-26,1796.5757780022182
1997-06-27,1806.9314429279457
1997-06-30,1789.5801743282398
1997-07-01,1811.8781551843615
1997-07-02,1828.1140348630013
1997-07-03,1829.1184578637756
1997-07-04,1864.8435873205183
1997-07-07,1832.5793373445379
1997-07-08,1867.4008131077474
1997-07-09,1865.5741544959133
1997-07-10,1884.1010653362393
1997-07-11,1890.7397481737041
1997-07-14,1889.3954947879363
1997-07-15,1908.3503521278778
1997-07-16,1898.2403580103746
1997-07-17,1931.771297773182
1997-07-18,1938.8223233097021
1997-07-21,1952.1760459295651
1997-07-22,1966.3882914660926
1997-07-23,1969.7835693942147
1997-07-24,1977.815269361142
1997-07-25,1977.8353535869485
1997-07-28,1989.7639361554766
1997-07-29,2019.126528142993
1997-07-30,2032.101097296055
1997-07-31,2025.6454887426657
1997-08-01,2027.446215377264
1997-08-04,2016.7372456750434
1997-08-05,2036.694788937056
1997-08-06,2030.4765426811075
1997-08-07,2042.2978283566558
1997-08-08,2012.710474733294
1997-08-11,2016.6930950304786
1997-08-12,2021.772895238747
1997-08-13,2024.8847637283768
1997-08-14,2015.1103502394233
1997-08-15,2007.4110158314772
1997-08-18,2024.0184658589367
1997-08-19,2021.3266078285135
1997-08-20,2003.769715186525
1997-08-21,2025.5551959692611
1997-08-22,2022.6140229311743
1997-08-25,2011.1272393854156
1997-08-26,2009.5068710819157
1997-08-27,2013.1994514912092
1997-08-28,1997.9232413727618
1997-08-29,2005.8011406573187
1997-09-01,1988.8619689065351
1997-09-02,2024.3425684367824
1997-09-03,2004.7585355347926
1997-09-04,2040.7964592707144
1997-09-05,2027.267124850766
1997-09-08,2033.5258351036039
1997-09-09,2034.349030347777
1997-09-10,2042.8945392617206
1997-09-11,2065.486906283374
1997-09-12,2030.4770200177716
1997-09-15,2074.3373987116724
1997-09-16,2069.807022907178
1997-09-17,2058.9635671150804
1997-09-18,2065.463174570821
1997-09-19,2099.2539886800005
1997-09-22,2077.1270273596874
1997-09-23,2080.130104850606
1997-09-24,2109.337235728551
1997-09-25,2106.1973124782285
1997-09-26,2097.9937858382773
1997-09-29,2115.4217158453935
1997-09-30,2107.535227574883
1997-10-01,2125.14389597522
1997-10-02,2119.8233049856763
1997-10-03,2109.3626265171206
1997-10-06,2102.706693254119
1997-10-07,2112.5073358793506
1997-10-08,2089.230892763316
1997-10-09,2072.0948222782486
1997-10-10,2084.275367713152
1997-10-13,2096.442857982274
1997-10-14,2059.51087882913
1997-10-15,2061.5037564588397
1997-10-16,2064.760262509349
1997-10-17,2055.1604287843193
1997-10-20,2040.8966963030782
1997-10-21,2057.7145341497258
1997-10-22,2065.1960328688333
1997-10-23,2038.799811610156
1997-10-24,2022.915839634479
1997-10-27,2011.709804756209
1997-10-28,2025.3416897893958
1997-10-29,2029.2027833155676
1997-10-30,2018.190308207647
1997-10-31,2008.7358563025784
1997-11-03,2004.5200414014744
1997-11-04,2001.1405998611654
1997-11-05,2022.2199918848685
1997-11-06,2024.7111289533561
1997-11-07,2001.6015958774824
1997-11-10,2034.9308470666158
1997-11-11,2026.3741374945996
1997-11-12,2036.419575272813
1997-11-13,2010.3805662870886
1997-11-14,2011.8254485779348
1997-11-17,2025.8465395735486
1997-11-18,2034.1566112303312
1997-11-19,2048.9961160827593
1997-11-20,2039.6336038320387
1997-11-21,2031.69334928454
1997-11-24,2025.4186781113374
1997-11-25,2050.1037550039555
1997-11-26,2029.4438291044191
1997-11-27,2057.607896194486
1997-11-28,2039.7954373812445
1997-12-01,2055.8851823223818
1997-12-02,2043.5460157160896
1997-12-03,2032.2123112327104
1997-12-04,2025.3093340628438
1997-12-05,2024.1085847737072
1997-12-08,2028.886807459508
1997-12-09,2022.3218307861548
1997-12-10,2012.5441682610583
1997-12-11,2013.8679706018806
1997-12-12,2013.332139929076
1997-12-15,1988.1611952435846
1997-12-16,2011.1600908604428
1997-12-17,1993.766248081315
1997-12-18,1989.0662614577125
1997-12-19,1980.7761055442106
1997-12-22,1976.7694246395479
1997-12-23,1978.1975810344372
1997-12-24,1981.6852266308922
1997-12-25,2005.1733392959306
1997-12-26,1977.614502391082
1997-12-29,1981.6406738908609
1997-12-30,1980.8969749233488
1997-12-31,1975.2936133879512
1998-01-01,1980.0533983796956
1998-01-02,1975.7851637776532
1998-01-05,2009.0016034281944
1998-01-06,2019.5081708941145
1998-01-07,1991.4417592106402
1998-01-08,2004.9590411983293
1998-01-09,2019.4113564042948
1998-01-12,2019.4413249662935
1998-01-13,2041.3902169803607
1998-01-14,2035.8340329307196
1998-01-15,2072.529531161048
1998-01-16,2069.6655215504534
1998-01-19,2066.721189891592
1998-01-20,2082.297885466357
1998-01-21,2090.312714789336
1998-01-22,2080.11847796317
1998-01-23,2084.665271173578
1998-01-26,2101.260790592507
1998-01-27,2116.7777295739265
1998-01-28,2116.4502849515743
1998-01-29,2105.553045919121
1998-01-30,2121.0714450383666
1998-02-02,2137.1982962753755
1998-02-03,2145.578973478181
1998-02-04,2176.0784085294936
1998-02-05,2148.3026027373785
1998-02-06,2177.2856785344943
1998-02-09,2196.5640935241963
1998-02-10,2213.758513156798
1998-02-11,2193.0573463915507
1998-02-12,2211.5572888268107
1998-02-13,2221.1157901430456
1998-02-16,2225.6833544632323
1998-02-17,2231.1448763507187
1998-02-18,2245.905634334579
1998-02-19,2221.3417511823204
1998-02-20,2266.3716363418894
1998-02-23,2268.97556437554
1998-02-24,2273.923807409727
1998-02-25,2308.791699902507
1998-02-26,2286.6406569795063
1998-02-27,2298.7577738339387
1998-03-02,2333.7773076748767
1998-03-03,2308.513769848936
1998-03-04,2319.175782469031
1998-03-05,2331.2955316772413
1998-03-06,2350.311104907993
1998-03-09,2350.3978837168975
1998-03-10,2340.2443800753153
1998-03-11,2356.7142546932973
1998-03-12,2363.3608399613554
1998-03-13,2377.2235083652777
1998-03-16,2390.827781749002
1998-03-17,2398.383237203778
1998-03-18,2379.712309938662
1998-03-19,2421.526772757624
1998-03-20,2419.468750306065
1998-03-23,2440.9274331462734
1998-03-24,2437.3005453384626
1998-03-25,2453.1119029079628
1998-03-26,2453.1899407503406
1998-03-27,2471.8356934040107
1998-03-30,2469.5937275220517
1998-03-31,2469.830237547148
1998-04-01,2500.471680477623
1998-04-02,2484.717012973818
1998-04-03,2482.162653544537
1998-04-06,2460.601406785085
1998-04-07,2461.7871102463178
1998-04-08,2482.719664472234
1998-04-09,2482.2405375597923
1998-04-10,2474.1603336537873
1998-04-13,2484.8772054214514
1998-04-14,2504.207946572925
1998-04-15,2494.464023196421
1998-04-16,2472.9794739558556
1998-04-17,2487.130235555896
1998-04-20,2479.8459428944516
1998-04-21,2486.3882962464086
1998-04-22,2487.41370479499
1998-04-23,2487.96422579648
1998-04-24,2479.6132274563683
1998-04-27,2495.032433550197
1998-04-28,2490.977974885582
1998-04-29,2462.7262244941594
1998-04-30,2526.3592330597558
1998-05-01,2515.6482416026106
1998-05-04,2498.6557896145628
1998-05-05,2504.9405767854996
1998-05-06,2491.363536129466
1998-05-07,2528.6442248835974
1998-05-08,2532.5251275346204
1998-05-11,2512.0346790846575
1998-05-12,2524.2632478707874
1998-05-13,2514.956298951691
1998-05-14,2497.294777850973
1998-05-15,2510.2632362528097
1998-05-18,2518.448474911755
1998-05-19,2512.4114334639426
1998-05-20,2516.726944456795
1998-05-21,2519.677029822929
1998-05-22,2521.157448676268
1998-05-25,2524.185853064581
1998-05-26,2511.4867897810495
1998-05-27,2517.1700655409145
1998-05-28,2511.343600037162
1998-05-29,2541.2941353903398
1998-06-01,2510.1780405948016
1998-06-02,2559.5476815779302
1998-06-03,2570.572023869463
1998-06-04,2557.0391742024235
1998-06-05,2535.5292028560275
1998-06-08,2572.3934327707907
1998-06-09,2584.3277601011464
1998-06-10,2580.187408185565
1998-06-11,2594.7491969523057
1998-06-12,2629.602195577181
1998-06-15,2626.5502350189618
1998-06-16,2613.9436829930546
1998-06-17,2613.303113861889
1998-06-18,2638.3139860332644
1998-06-19,2648.1203484670905
1998-06-22,2665.8882562092363
1998-06-23,2660.5175047665143
1998-06-24,2682.8951814641036
1998-06-25,2710.4453931627095
1998-06-26,2703.897826570203
1998-06-29,2700.740862237004
1998-06-30,2707.4084118499877
1998-07-01,2707.0808048738527
1998-07-02,2729.966783302757
1998-07-03,2707.4571435433463
1998-07-06,2718.622260625716
1998-07-07,2720.73720148798
1998-07-08,2715.2461651552326
1998-07-09,2705.4181494756144
1998-07-10,2730.552065884499
1998-07-13,2727.356837798363
1998-07-14,2737.0586803116034
1998-07-15,2724.98247680264
1998-07-16,2751.0066275601407
1998-07-17,2724.36563787051
1998-07-20,2761.84976260783
1998-07-21,2716.5103002109186
1998-07-22,2748.46872306785
1998-07-23,2751.0827040757063
1998-07-24,2735.686115113601
1998-07-27,2754.4987470574224
1998-07-28,2768.320315032825
1998-07-29,2722.2679290180454
1998-07-30,2761.7641363169428
1998-07-31,2722.5315083771616
1998-08-03,2711.346811430251
1998-08-04,2714.416435106347
1998-08-05,2653.1023520562253
1998-08-06,2614.138920946781
1998-08-07,2596.098965134438
1998-08-10,2594.685179437466
1998-08-11,2514.708235898515
1998-08-12,2494.9423644468634
1998-08-13,2497.209625929806
1998-08-14,2472.275487807119
1998-08-17,2419.484971419952
1998-08-18,2377.468104247349
1998-08-19,2388.9500800107576
1998-08-20,2355.0183769187047
1998-08-21,2316.7736800030975
1998-08-24,2272.532709247758
1998-08-25,2254.4334408020954
1998-08-26,2226.6993972680275
1998-08-27,2205.940740714976
1998-08-28,2192.2066339494545
1998-08-31,2160.2974267438
1998-09-01,2144.2471091127913
1998-09-02,2175.7649673301
1998-09-03,2169.3277201848236
1998-09-04,2178.450381110061
1998-09-07,2192.0162224440937
1998-09-08,2169.0166026844627
1998-09-09,2185.8387395245145
1998-09-10,2185.5104631782406
1998-09-11,2179.229812999976
1998-09-14,2205.3918959159373
1998-09-15,2234.4256910159697
1998-09-16,2191.5151264627816
1998-09-17,2216.670226453488
1998-09-18,2229.320110992538
1998-09-21,2228.7607911119126
1998-09-22,2231.3263870345413
1998-09-23,2223.263584052477
1998-09-24,2245.6347046128117
1998-09-25,2239.752610541077
1998-09-28,2228.832462811319
1998-09-29,2272.259135787839
1998-09-30,2274.8891191577763
1998-10-01,2277.601498212401
1998-10-02,2292.683983565681
1998-10-05,2315.555205185515
1998-10-06,2318.9793617109667
1998-10-07,2340.1845809713686
1998-10-08,2339.5186453337606
1998-10-09,2371.887450173762
1998-10-12,2373.733408500487
1998-10-13,2385.8249472894204
1998-10-14,2381.947489274709
1998-10-15,2414.3655647262844
1998-10-16,2414.635056156712
1998-10-19,2430.832785959937
1998-10-20,2442.590190957559
1998-10-21,2453.4927469494005
1998-10-22,2507.1325557347714
1998-10-23,2511.6008136596547
1998-10-26,2533.3829271459026
1998-10-27,2508.23689053099
1998-10-28,2539.0330964012064
1998-10-29,2536.163242327744
1998-10-30,2558.3697127088594
1998-11-02,2568.2014231400103
1998-11-03,2608.924518433402
1998-11-04,2600.564219340509
1998-11-05,2632.6514165424073
1998-11-06,2639.612466952636
1998-11-09,2675.1907498040887
1998-11-10,2638.197358897885
1998-11-11,2687.870567443736
1998-11-12,2699.7007645834633
1998-11-13,2684.5109903123725
1998-11-16,2724.6845252431885
1998-11-17,2729.070826080872
1998-11-18,2734.9033901555163
1998-11-19,2740.2748167189857
1998-11-20,2755.328389517995
1998-11-23,2807.4814904208115
1998-11-24,2792.8053532220206
1998-11-25,2817.636639857478
1998-11-26,2809.4405261139636
1998-11-27,2823.544674001691
1998-11-30,2864.08108833283
1998-12-01,2797.432974198781
1998-12-02,2778.7896628460844
1998-12-03,2753.53225341909
1998-12-04,2723.42931206028
1998-12-07,2688.7059572142284
1998-12-08,2665.932135097206
1998-12-09,2639.6745911781654
1998-12-10,2610.350617967687
1998-12-11,2558.6956525456544
1998-12-14,2538.66352905764
1998-12-15,2528.525520083804
1998-12-16,2496.1867998361454
1998-12-17,2440.087247186057
1998-12-18,2433.421645994778
1998-12-21,2377.9121629021492
1998-12-22,2375.0502842744268
1998-12-23,2369.9024535653602
1998-12-24,2310.0627765095355
1998-12-25,2285.2280533736102
1998-12-28,2277.503232018154
1998-12-29,2225.860802106603
1998-12-30,2210.767137001975
1998-12-31,2199.2290525898197
1999-01-01,2204.2291901726126
1999-01-04,2227.3199331576707
1999-01-05,2257.1858787570313
1999-01-06,2272.62507196408
1999-01-07,2290.084040483153
1999-01-08,2302.4724062501996
1999-01-11,2330.200682579254
1999-01-12,2344.1249707951874
1999-01-13,2370.8361409518634
1999-01-14,2379.5080705038786
1999-01-15,2403.4218817971396
1999-01-18,2413.96332628598
1999-01-19,2446.0688853263296
1999-01-20,2457.1920305737253
1999-01-21,2474.2119314247684
1999-01-22,2512.367285320407
1999-01-25,2533.0430235977524
1999-01-26,2561.748908172631
1999-01-27,2567.8032142795346
1999-01-28,2600.417829285185
1999-01-29,2624.2874065522306
1999-02-01,2623.1288616024513
1999-02-02,2606.7307474475715
1999-02-03,2619.7199842822147
1999-02-04,2622.759946639679
1999-02-05,2618.315726705664
1999-02-08,2591.1334740817474
1999-02-09,2620.779946833254
1999-02-10,2647.879108875841
1999-02-11,2614.420555161562
1999-02-12,2609.8285086323717
1999-02-15,2624.482618738484
1999-02-16,2623.912918197985
1999-02-17,2635.674719384733
1999-02-18,2603.7983404068045
1999-02-19,2630.0896868494747
1999-02-22,2628.472061899325
1999-02-23,2619.1011868263104
1999-02-24,2625.6314646462606
1999-02-25,2634.9145194882926
1999-02-26,2633.0845280802587
1999-03-01,2619.6865282387653
1999-03-02,2658.7625965807165
1999-03-03,2660.268849508267
1999-03-04,2675.3955885235036
1999-03-05,2688.7627173532996
1999-03-08,2699.1744871430938
1999-03-09,2730.870978853385
1999-03-10,2727.1124252476484
1999-03-11,2726.532935507704
1999-03-12,2750.154106041504
1999-03-15,2771.8137118856025
1999-03-16,2800.276967657706
1999-03-17,2805.5069852553966
1999-03-18,2799.0885599354715
1999-03-19,2860.1876664223164
1999-03-22,2842.952499866592
1999-03-23,2871.570507623089
1999-03-24,2865.4511089449766
1999-03-25,2889.634906286253
1999-03-26,2908.5007444835996
1999-03-29,2928.5398239929445
1999-03-30,2940.814625523597
1999-03-31,2952.781121461673
1999-04-01,2941.360680867222
1999-04-02,2943.617107236418
1999-04-05,2963.042479646957
1999-04-06,2978.0321498772264
1999-04-07,2966.9862501144057
1999-04-08,2992.250110455966
1999-04-09,3004.1772826721667
1999-04-12,2974.951605693071
1999-04-13,2982.2543617731963
1999-04-14,2998.8346540527486
1999-04-15,3011.733296555326
1999-04-16,3005.3847236912843
1999-04-19,3039.895438687711
1999-04-20,3032.1014895711246
1999-04-21,3032.502108999291
1999-04-22,3016.3225416829036
1999-04-23,3024.349439354827
1999-04-26,3054.921432889956
1999-04-27,3024.3088033928566
1999-04-28,3078.69624089528
1999-04-29,3067.054656293763
1999-04-30,3125.6653646247482
1999-05-03,3103.3762451772977
1999-05-04,3057.39977561034
1999-05-05,3050.775992956419
1999-05-06,3059.7974182608236
1999-05-07,3062.7656125181
1999-05-10,3004.3762314580226
1999-05-11,2994.4997101352633
1999-05-12,3004.4349213767173
1999-05-13,3014.9080115563
1999-05-14,3005.9585386147273
1999-05-17,3006.8864985292894
1999-05-18,2965.3923386296515
1999-05-19,2941.244946791962
1999-05-20,2980.8767814646562
1999-05-21,2948.340143078029
1999-05-24,2923.272060544528
1999-05-25,2947.7072651481917
1999-05-26,2949.7369368772797
1999-05-27,2928.8294223659013
1999-05-28,2916.4781566648135
1999-05-31,2933.9732819482533
1999-06-01,2944.0498332192565
1999-06-02,2942.8066388972984
1999-06-03,2965.462698085247
1999-06-04,2997.270208206699
1999-06-07,3007.749407519859
1999-06-08,3018.955762954766
1999-06-09,3014.9068891679362
1999-06-10,3040.8444005672673
1999-06-11,3024.011382691018
1999-06-14,3073.7775266762833
1999-06-15,3106.883804644933
1999-06-16,3075.8750897955083
1999-06-17,3103.527975789185
1999-06-18,3131.786783387407
1999-06-21,3160.3736057759934
1999-06-22,3147.7502641917504
1999-06-23,3158.0363827675787
1999-06-24,3151.9154775187203
1999-06-25,3199.2194739510956
1999-06-28,3244.737565367768
1999-06-29,3230.8580651521484
1999-06-30,3240.528981395768
1999-07-01,3237.8804627022414
1999-07-02,3224.301048636252
1999-07-05,3203.231488352152
1999-07-06,3221.358887760521
1999-07-07,3203.632569211876
1999-07-08,3192.1895898266635
1999-07-09,3168.2902464673084
1999-07-12,3196.4444377369077
1999-07-13,3178.2239277103486
1999-07-14,3150.9308890941015
1999-07-15,3167.4435787938755
1999-07-16,3135.846281840401
1999-07-19,3123.437613171631
1999-07-20,3115.8686245819913
1999-07-21,3092.193678612023
1999-07-22,3119.249183227402
1999-07-23,3075.604083382681
1999-07-26,3077.137879905817
1999-07-27,3056.256303980728
1999-07-28,3079.1522021379847
1999-07-29,3070.359617924717
1999-07-30,3059.8735765506444
1999-08-02,3054.1819584625077
1999-08-03,3057.476146806194
1999-08-04,3087.9802897889786
1999-08-05,3077.665722399149
1999-08-06,3096.3946425840554
1999-08-09,3083.149678847476
1999-08-10,3105.027466826947
1999-08-11,3127.840401839966
1999-08-12,3122.0941625581904
1999-08-13,3111.930065382689
1999-08-16,3127.77657192463
1999-08-17,3125.4024661611516
1999-08-18,3134.7091859588277
1999-08-19,3134.9007518128356
1999-08-20,3142.864908322787
1999-08-23,3154.2368639310025
1999-08-24,3140.6739254898425
1999-08-25,3145.755630031887
1999-08-26,3145.300484838087
1999-08-27,3147.387388142487
1999-08-30,3158.922936277454
1999-08-31,3186.3084597264406
1999-09-01,3158.7266028230365
1999-09-02,3170.167919209631
1999-09-03,3151.78892762671
1999-09-06,3109.5631394952966
1999-09-07,3139.9909786303556
1999-09-08,3131.690866779131
1999-09-09,3092.941087276739
1999-09-10,3104.2737024329276
1999-09-13,3073.958696904659
1999-09-14,3078.1322565979845
1999-09-15,3046.730598091546
1999-09-16,3028.242910748777
1999-09-17,3039.3676147418814
1999-09-20,3032.9126559654333
1999-09-21,3018.4056535728973
1999-09-22,2996.2402970282446
1999-09-23,2997.77813283906
1999-09-24,2997.5501279510177
1999-09-27,2982.6201128054013
1999-09-28,2975.808004347917
1999-09-29,2953.0076209129497
1999-09-30,2970.109301878764
1999-10-01,2951.0826121311684
1999-10-04,2991.6294635829154
1999-10-05,3017.982302155988
1999-10-06,3023.4880405300864
1999-10-07,3029.2328867456017
1999-10-08,3040.404685445242
1999-10-11,3080.5733453615244
1999-10-12,3059.1020239794493
1999-10-13,3082.411844372994
1999-10-14,3107.7471401952344
1999-10-15,3149.8980794277077
1999-10-18,3153.17850118385
1999-10-19,3148.6539111309576
1999-10-20,3175.888154275277
1999-10-21,3187.945882394399
1999-10-22,3203.3941792798337
1999-10-25,3247.74773977617
1999-10-26,3226.8613844360984
1999-10-27,3292.73025184488
1999-10-28,3297.4551862542344
1999-10-29,3319.35658088124
1999-11-01,3305.872760573972
1999-11-02,3323.286899706255
1999-11-03,3314.1433291160142
1999-11-04,3341.6021622155886
1999-11-05,3371.065240031376
1999-11-08,3397.0567018740558
1999-11-09,3368.896441311156
1999-11-10,3393.947176953972
1999-11-11,3410.1369044498397
1999-11-12,3401.4173900393043
1999-11-15,3448.1382119957684
1999-11-16,3438.1789273645663
1999-11-17,3460.03067974375
1999-11-18,3468.3500725738504
1999-11-19,3475.273622696983
1999-11-22,3501.806254556726
1999-11-23,3511.073813173735
1999-11-24,3521.284880446236
1999-11-25,3527.976314524369
1999-11-26,3559.628361747648
1999-11-29,3596.5688984236745
1999-11-30,3582.7541563268633
1999-12-01,3603.5634911630386
1999-12-02,3566.2048376139905
1999-12-03,3599.4756864766296
1999-12-06,3582.353911612231
1999-12-07,3580.9652263994085
1999-12-08,3599.745160614564
1999-12-09,3640.171972930373
1999-12-10,3641.3347538191483
1999-12-13,3634.0513968019477
1999-12-14,3607.3129643450557
1999-12-15,3637.1363404307513
1999-12-16,3651.7563955169176
1999-12-17,3655.0162680969884
1999-12-20,3623.6575094691307
1999-12-21,3646.640858901609
1999-12-22,3667.3519910737145
1999-12-23,3683.9683771992127
1999-12-24,3639.3083597907444
1999-12-27,3682.332675043368
1999-12-28,3693.5746258942786
1999-12-29,3712.2610998725213
1999-12-30,3715.015111052845
1999-12-31,3718.6303770650966
2000-01-03,3695.689694559585
2000-01-04,3677.809108199016
2000-01-05,3708.635245380923
2000-01-06,3737.2682274560393
2000-01-07,3747.280936804535
2000-01-10,3737.2944688553057
2000-01-11,3734.776642040518
2000-01-12,3736.570182742582
2000-01-13,3721.829608355674
2000-01-14,3732.497002673597
2000-01-17,3768.8382376949558
2000-01-18,3722.7411390777693
2000-01-19,3773.3144626420167
2000-01-20,3739.7882275979164
2000-01-21,3773.3901376555864
2000-01-24,3724.891507715868
2000-01-25,3765.0080942620175
2000-01-26,3742.9057044064784
2000-01-27,3732.8779814587174
2000-01-28,3766.3305352959687
2000-01-31,3783.9631045259634
2000-02-01,3788.738601739019
2000-02-02,3816.2682558036668
2000-02-03,3884.0040334590008
2000-02-04,3925.203536671455
2000-02-07,3979.3674949738897
2000-02-08,4029.5364163292525
2000-02-09,4051.742517165771
2000-02-10,4133.847060013175
2000-02-11,4143.843862359547
2000-02-14,4175.771812789129
2000-02-15,4193.232535757619
2000-02-16,4266.431659845759
2000-02-17,4310.001151891877
2000-02-18,4383.910419675468
2000-02-21,4419.3401230944
2000-02-22,4429.540715258157
2000-02-23,4506.859930293593
2000-02-24,4565.926065745852
2000-02-25,4633.95170055385
2000-02-28,4668.118725326764
2000-02-29,4714.557304364186
2000-03-01,4692.645503652302
2000-03-02,4694.886304349704
2000-03-03,4709.58792392725
2000-03-06,4643.759344230871
2000-03-07,4661.325330135843
2000-03-08,4646.045003647454
2000-03-09,4667.477249035678
2000-03-10,4681.85841234255
2000-03-13,4633.95923601058
2000-03-14,4586.951101786965
2000-03-15,4627.486956139284
2000-03-16,4652.8142605568855
2000-03-17,4638.717529033315
2000-03-20,4630.802317461412
2000-03-21,4609.0817760136
2000-03-22,4580.7008934228425
2000-03-23,4616.694509785154
2000-03-24,4580.29675484225
2000-03-27,4644.3123278820085
2000-03-28,4601.89700880542
2000-03-29,4570.171716308931
2000-03-30,4564.161154739995
2000-03-31,4570.71490507115
2000-04-03,4528.865260542643
2000-04-04,4521.181986161194
2000-04-05,4462.3327053502235
2000-04-06,4404.427695653774
2000-04-07,4424.769520175726
2000-04-10,4347.461347781907
2000-04-11,4326.321221406106
2000-04-12,4260.430318037904
2000-04-13,4245.098621189656
2000-04-14,4208.223747872782
2000-04-17,4126.907450998218
2000-04-18,4172.780590136719
2000-04-19,4122.766211816773
2000-04-20,4053.7366804629914
2000-04-21,4005.368702336752
2000-04-24,4000.5574491568605
2000-04-25,3961.671346018613
2000-04-26,3933.5587439837063
2000-04-27,3897.2079907732455
2000-04-28,3870.4321216888666
2000-05-01,3873.4223496032787
2000-05-02,3841.4668420458443
2000-05-03,3795.6114465338405
2000-05-04,3826.640052900073
2000-05-05,3816.9698180734854
2000-05-08,3830.5732154250386
2000-05-09,3735.320368455492
2000-05-10,3746.3063861282167
2000-05-11,3688.358382989008
2000-05-12,3722.8826973833984
2000-05-15,3687.989336632959
2000-05-16,3719.120730513161
2000-05-17,3655.106480776196
2000-05-18,3624.1285405999442
2000-05-19,3632.155821437802
2000-05-22,3590.7056301509433
2000-05-23,3625.9400015468077
2000-05-24,3561.122595108371
2000-05-25,3584.743851124748
2000-05-26,3533.154726242327
2000-05-29,3550.617783399203
2000-05-30,3571.542306343659
2000-05-31,3534.9729287809955
2000-06-01,3532.105061545503
2000-06-02,3565.7757466759253
2000-06-05,3585.667174101439
2000-06-06,3612.9754574903022
2000-06-07,3598.907619271884
2000-06-08,3653.784157886718
2000-06-09,3612.888299154572
2000-06-12,3670.3395291339193
2000-06-13,3692.526929377314
2000-06-14,3733.0807494313963
2000-06-15,3741.5582361374522
2000-06-16,3734.646647036212
2000-06-19,3762.507107472871
2000-06-20,3805.0623470134055
2000-06-21,3820.039918125014
2000-06-22,3830.7985634947413
2000-06-23,3853.1186466127515
2000-06-26,3896.5109924169933
2000-06-27,3893.5904945057746
2000-06-28,3922.7769991111427
2000-06-29,3988.233652356311
2000-06-30,3938.225098840529
2000-07-03,3919.9953865773814
2000-07-04,3962.289168051753
2000-07-05,3923.6857986891923
2000-07-06,3921.039555968669
2000-07-07,3902.255234774225
2000-07-10,3902.771921837389
2000-07-11,3929.3209609717874
2000-07-12,3904.099460105953
2000-07-13,3895.5901756277144
2000-07-14,3841.8569354672554
2000-07-17,3837.4518649487036
2000-07-18,3795.4488165443913
2000-07-19,3825.019173918453
2000-07-20,3849.3700849036745
2000-07-21,3831.428160405696
2000-07-24,3807.8581198440766
2000-07-25,3802.2094978721966
2000-07-26,3780.1447142116576
2000-07-27,3787.6840036442836
2000-07-28,3788.8872447562912
2000-07-31,3734.66028487228
2000-08-01,3788.934163086505
2000-08-02,3819.2631390786482
2000-08-03,3811.973521347282
2000-08-04,3851.800138741281
2000-08-07,3911.171400647837
2000-08-08,3873.4997880329424
2000-08-09,3901.89924362343
2000-08-10,3898.61060365399
2000-08-11,3935.5148834454926
2000-08-14,3960.0360097630883
2000-08-15,3973.8947992666463
2000-08-16,3968.8641498076618
2000-08-17,4012.6074624012144
2000-08-18,4057.280439349363
2000-08-21,4056.366891917759
2000-08-22,4086.398365265717
2000-08-23,4081.637878131436
2000-08-24,4121.615219187636
2000-08-25,4131.813998742568
2000-08-28,4126.269818598739
2000-08-29,4172.642663794291
2000-08-30,4165.3734746037035
2000-08-31,4193.039420278692
2000-09-01,4183.225699261028
2000-09-04,4158.534534661705
2000-09-05,4101.098534244715
2000-09-06,4120.671109743248
2000-09-07,4084.3274017031345
2000-09-08,4032.2011390018947
2000-09-11,3989.4996294950697
2000-09-12,3991.6306239962682
2000-09-13,3959.9585886318127
2000-09-14,3945.487352862774
2000-09-15,3910.756654283912
2000-09-18,3853.574943784283
2000-09-19,3860.075777452551
2000-09-20,3836.814012809456
2000-09-21,3830.043130104547
2000-09-22,3780.1240509150343
2000-09-25,3800.5790742752433
2000-09-26,3708.8879507371835
2000-09-27,3744.9634986841957
2000-09-28,3692.4728024310757
2000-09-29,3688.6055025542055
2000-10-02,3652.8674509852217
2000-10-03,3650.809471608037
2000-10-04,3601.975325149128
2000-10-05,3568.2190813337456
2000-10-06,3592.3480856078877
2000-10-09,3544.2084364558827
2000-10-10,3529.4546303606658
2000-10-11,3526.6370475174886
2000-10-12,3466.5872211886217
2000-10-13,3474.5693375346686
2000-10-16,3433.902783056698
2000-10-17,3421.722207403135
2000-10-18,3405.256146947596
2000-10-19,3358.7981777531436
2000-10-20,3351.354513753503
2000-10-23,3367.439987544054
2000-10-24,3340.0811462215206
2000-10-25,3304.9272528901097
2000-10-26,3290.687017121337
2000-10-27,3262.7257409578274
2000-10-30,3270.5201846135556
2000-10-31,3226.3147566619255
2000-11-01,3201.467099837165
2000-11-02,3184.4266461171924
2000-11-03,3122.9305969748657
2000-11-06,3128.4505232241277
2000-11-07,3050.1787668143274
2000-11-08,3068.242604236944
2000-11-09,3007.87085820308
2000-11-10,2980.2022985680733
2000-11-13,2926.532438405172
2000-11-14,2918.718069735573
2000-11-15,2881.5152858687816
2000-11-16,2859.3486683090678
2000-11-17,2837.881298628508
2000-11-20,2825.3433469600695
2000-11-21,2787.088973776407
2000-11-22,2761.0339276289646
2000-11-23,2714.704727770123
2000-11-24,2690.8851073107003
2000-11-27,2700.2515093494126
2000-11-28,2640.099337772243
2000-11-29,2645.4841444586937
2000-11-30,2594.7727200979575
2000-12-01,2585.145405135903
2000-12-04,2586.131718433171
2000-12-05,2575.954968421904
2000-12-06,2545.6400887526606
2000-12-07,2529.5681170970865
2000-12-08,2521.2817073276788
2000-12-11,2513.7878806927047
2000-12-12,2508.2977345013487
2000-12-13,2484.9044383106225
2000-12-14,2480.246747458055
2000-12-15,2480.554606498468
2000-12-18,2452.9314364381066
2000-12-19,2439.9839825976123
2000-12-20,2405.7608757570392
2000-12-21,2380.4848411577977
2000-12-22,2404.977253994731
2000-12-25,2387.344257393605
2000-12-26,2370.578226918526
2000-12-27,2367.8524073725926
2000-12-28,2352.5968363883107
2000-12-29,2354.9046150645463
2001-01-01,2354.4280704145026
2001-01-02,2356.3551297024073
2001-01-03,2388.7887292814594
2001-01-04,2386.318461833058
2001-01-05,2407.1836935503748
2001-01-08,2407.114094046576
2001-01-09,2417.0656394655407
2001-01-10,2438.101476667874
2001-01-11,2449.4248919992297
2001-01-12,2467.426234690638
2001-01-15,2470.5120107619427
2001-01-16,2463.382877191285
2001-01-17,2493.2417553230734
2001-01-18,2521.1154465951076
2001-01-19,2519.958505589066
2001-01-22,2533.2117478443697
2001-01-23,2561.596296998999
2001-01-24,2552.6572027031843
2001-01-25,2554.7321099333076
2001-01-26,2585.3943019376043
2001-01-29,2594.1214952430096
2001-01-30,2600.799777075387
2001-01-31,2624.196842427911
2001-02-01,2608.4516641503474
2001-02-02,2577.721822085373
2001-02-05,2557.7713296088114
2001-02-06,2553.024907432772
2001-02-07,2502.241643236022
2001-02-08,2486.668261457158
2001-02-09,2453.8391940559277
2001-02-12,2426.894581097603
2001-02-13,2407.465617414354
2001-02-14,2386.3306230137796
2001-02-15,2374.0549641926827
2001-02-16,2375.3166585798836
2001-02-19,2317.5655850681796
2001-02-20,2299.447320292937
2001-02-21,2282.0828832408606
2001-02-22,2266.034557720506
2001-02-23,2243.464671606879
2001-02-26,2233.9126654589036
2001-02-27,2172.3263327944264
2001-02-28,2152.5398890029196
2001-03-01,2151.5210906057587
2001-03-02,2147.129145121975
2001-03-05,2097.620778634018
2001-03-06,2061.6631638166373
2001-03-07,2078.2368047815257
2001-03-08,2054.203496941888
2001-03-09,2020.2217856619086
2001-03-12,2001.1779701914384
2001-03-13,1981.4283581056093
2001-03-14,1972.3655935565307
2001-03-15,1945.5549063807714
2001-03-16,1937.0256310046193
2001-03-19,1885.7261779874364
2001-03-20,1885.8867150616463
2001-03-21,1864.6027312542546
2001-03-22,1854.1276013813724
2001-03-23,1833.0945857598542
2001-03-26,1827.0147197701333
2001-03-27,1784.9037662773903
2001-03-28,1784.1368102042425
2001-03-29,1770.9173649623522
2001-03-30,1764.650997555169
2001-04-02,1755.716225877674
2001-04-03,1774.4414302474506
2001-04-04,1767.1720655956688
2001-04-05,1773.5532458577018
2001-04-06,1814.496395454441
2001-04-09,1818.7351287642125
2001-04-10,1841.5736297798808
2001-04-11,1830.2097192456094
2001-04-12,1859.8456344122417
2001-04-13,1884.7103523007033
2001-04-16,1883.5265951972028
2001-04-17,1894.5997139723502
2001-04-18,1904.5476058776342
2001-04-19,1901.9742019753533
2001-04-20,1942.7585704430853
2001-04-23,1936.4783475531165
2001-04-24,1960.1584923740763
2001-04-25,1952.7454694666264
2001-04-26,1969.4287415021302
2001-04-27,2008.4919889131095
2001-04-30,2003.8542311164167
2001-05-01,2024.4713252387505
2001-05-02,2011.6097732780827
2001-05-03,1996.3736918126315
2001-05-04,2026.4651803734805
2001-05-07,2014.0482882783563
2001-05-08,2029.6146994689095
2001-05-09,2025.3503289939683
2001-05-10,2011.9998071441664
2001-05-11,2031.8644682866623
2001-05-14,2055.074250185665
2001-05-15,2040.328129223078
2001-05-16,2037.2872400970152
2001-05-17,2051.409480500222
2001-05-18,2045.1591445382953
2001-05-21,2047.7220251390504
2001-05-22,2036.97485898384
2001-05-23,2053.12999068635
2001-05-24,2063.9441399044067
2001-05-25,2047.3041413615288
2001-05-28,2073.1479625857132
2001-05-29,2060.1326278107313
2001-05-30,2054.5118876271877
2001-05-31,2076.5768861578904
2001-06-01,2059.1516775369587
2001-06-04,2065.7709846300945
2001-06-05,2050.815085073199
2001-06-06,2049.0618231602307
2001-06-07,2050.5950501844613
2001-06-08,2044.3966897836137
2001-06-11,2016.9885307076647
2001-06-12,2021.8145317575377
2001-06-13,2038.5478400903532
2001-06-14,2023.6940239417854
2001-06-15,2015.6614769744438
2001-06-18,2003.1831779237066
2001-06-19,2001.9551650400801
2001-06-20,1988.4614488748525
2001-06-21,2003.7073596146217
2001-06-22,1994.6987663336865
2001-06-25,1987.0062400136455
2001-06-26,1991.9561114083333
2001-06-27,1992.2408144781725
2001-06-28,2005.387854258618
2001-06-29,1965.647667307724
2001-07-02,1984.2988103404964
2001-07-03,1974.69639402174
2001-07-04,1949.812851716767
2001-07-05,1951.7524120075277
2001-07-06,1937.690311436477
2001-07-09,1936.3233909776488
2001-07-10,1941.4902442074817
2001-07-11,1925.2146826065873
2001-07-12,1916.7467648119202
2001-07-13,1900.298900878287
2001-07-16,1882.8613542685514
2001-07-17,1887.5377376430827
2001-07-18,1893.4612580756243
2001-07-19,1860.4194331706121
2001-07-20,1857.5403259695406
2001-07-23,1861.2517971055913
2001-07-24,1843.6701112469757
2001-07-25,1838.2217560414338
2001-07-26,1834.412800042258
2001-07-27,1818.603096575026
2001-07-30,1815.0503085675064
2001-07-31,1823.1799040247001
2001-08-01,1795.815136366561
2001-08-02,1784.1498526792445
2001-08-03,1783.8153265671606
2001-08-06,1786.947469804795
2001-08-07,1769.7119318712907
2001-08-08,1758.431825174527
2001-08-09,1754.0298538605675
2001-08-10,1729.5710413252386
2001-08-13,1740.2989116418953
2001-08-14,1730.5648987054526
2001-08-15,1715.0290873423173
2001-08-16,1718.4828378858288
2001-08-17,1691.6722168383399
2001-08-20,1702.2327715928702
2001-08-21,1685.4547119440551
2001-08-22,1672.843995830933
2001-08-23,1667.0508557661897
2001-08-24,1657.9222304367327
2001-08-27,1660.5197035204374
2001-08-28,1633.2892840307898
2001-08-29,1627.6221347484634
2001-08-30,1634.0380618659121
2001-08-31,1612.6038494256743
2001-09-03,1605.091083015618
2001-09-04,1592.0219683811765
2001-09-05,1556.419930109462
2001-09-06,1545.9767997267897
2001-09-07,1513.349516788538
2001-09-10,1509.4310673294217
2001-09-11,1487.086030614761
2001-09-12,1471.1434495327155
2001-09-13,1445.2757503133503
2001-09-14,1420.5566113230716
2001-09-17,1418.7236541982566
2001-09-18,1383.656435454696
2001-09-19,1379.0127397431313
2001-09-20,1370.953358132105
2001-09-21,1349.3543190514329
2001-09-24,1344.7624690579019
2001-09-25,1322.456430486666
2001-09-26,1295.581066857485
2001-09-27,1284.3161008681593
2001-09-28,1268.3395181596202
2001-10-01,1265.4892964244812
2001-10-02,1276.5279119183888
2001-10-03,1285.9591857219834
2001-10-04,1283.4285727074823
2001-10-05,1304.03266920469
2001-10-08,1309.222782180333
2001-10-09,1307.001883534574
2001-10-10,1327.915303820182
2001-10-11,1337.2562543114336
2001-10-12,1341.2972226107966
2001-10-15,1344.922999464948
2001-10-16,1358.480760022164
2001-10-17,1366.5170381376627
2001-10-18,1371.4401948334491
2001-10-19,1371.1498929943402
2001-10-22,1386.2733200266925
2001-10-23,1400.2522043052597
2001-10-24,1395.371762872048
2001-10-25,1421.9643561545695
2001-10-26,1411.182933357762
2001-10-29,1422.872437988796
2001-10-30,1425.6149718269837
2001-10-31,1439.855596398812
2001-11-01,1433.4197412023316
2001-11-02,1449.854980375759
2001-11-05,1453.6928370908101
2001-11-06,1470.5615395538068
2001-11-07,1484.8488354490676
2001-11-08,1490.2785878569293
2001-11-09,1475.7912303873982
2001-11-12,1516.8976165190752
2001-11-13,1511.9030199010567
2001-11-14,1511.9329996075753
2001-11-15,1527.22068787651
2001-11-16,1535.613478954665
2001-11-19,1537.403228432243
2001-11-20,1552.4104910079318
2001-11-21,1554.5140562743002
2001-11-22,1564.5000432380668
2001-11-23,1570.7262058273711
2001-11-26,1573.2938508524005
2001-11-27,1594.3636018198627
2001-11-28,1606.4923851950712
2001-11-29,1614.599983979567
2001-11-30,1625.7879098640212
2001-12-03,1619.7683900915229
2001-12-04,1610.842064047158
2001-12-05,1619.9175257000522
2001-12-06,1600.2125129469134
2001-12-07,1601.9074954826629
2001-12-10,1599.4141961263745
2001-12-11,1613.8414114887366
2001-12-12,1610.7435180908537
2001-12-13,1605.1031830932857
2001-12-14,1607.7911494570935
2001-12-17,1590.2182934831494
2001-12-18,1598.0439106799072
2001-12-19,1592.291639477556
2001-12-20,1598.0549959303141
2001-12-21,1588.431365460941
2001-12-24,1584.3245213509404
2001-12-25,1589.7027836318528
2001-12-26,1590.3894421884145
2001-12-27,1576.207713730105
2001-12-28,1579.0527470441782
2001-12-31,1569.231126125898
2002-01-01,1557.2822775095926
2002-01-02,1577.958688635082
2002-01-03,1580.5758733230336
2002-01-04,1577.24229889284
2002-01-07,1559.2297437938823
2002-01-08,1571.21765738216
2002-01-09,1555.9278924115185
2002-01-10,1583.55142882277
2002-01-11,1563.6439182319327
2002-01-14,1581.447429032434
2002-01-15,1578.413820767192
2002-01-16,1563.3144593542847
2002-01-17,1560.896639885867
2002-01-18,1571.9389836694797
2002-01-21,1561.9704193124576
2002-01-22,1568.798549639418
2002-01-23,1563.61403699653
2002-01-24,1552.8474541404644
2002-01-25,1548.7375485547943
2002-01-28,1567.3824471471044
2002-01-29,1560.6175198692865
2002-01-30,1560.089445496358
2002-01-31,1569.2610289442587
2002-02-01,1567.0592895241193
2002-02-04,1549.9245717634922
2002-02-05,1543.549540603811
2002-02-06,1544.1998600298355
2002-02-07,1524.1237898919458
2002-02-08,1530.4499991958417
2002-02-11,1527.1778387707575
2002-02-12,1522.3884032578485
2002-02-13,1496.865522329582
2002-02-14,1500.0663975051602
2002-02-15,1493.5287565422382
2002-02-18,1495.2016730910875
2002-02-19,1492.394401901034
2002-02-20,1494.296979721143
2002-02-21,1473.9434841411453
2002-02-22,1468.3621124161627
2002-02-25,1474.8991590494982
2002-02-26,1463.1017849334157
2002-02-27,1464.6471321224835
2002-02-28,1452.0231769670208
2002-03-01,1451.4916287067438
2002-03-04,1460.2169306157882
2002-03-05,1468.6799411963477
2002-03-06,1495.3128367082766
2002-03-07,1509.5851595778843
2002-03-08,1524.9973203388065
2002-03-11,1527.8688265743856
2002-03-12,1540.8641142207464
2002-03-13,1538.057972150022
2002-03-14,1544.19824555792
2002-03-15,1570.5469463110262
2002-03-18,1577.9832554380587
2002-03-19,1586.4158744956094
2002-03-20,1599.6007285031606
2002-03-21,1610.1261575409217
2002-03-22,1629.0146507668585
2002-03-25,1640.3500289351305
2002-03-26,1645.5124313284678
2002-03-27,1659.3623087323163
2002-03-28,1668.0564349673664
2002-03-29,1655.302241887594
2002-04-01,1660.7475264121229
2002-04-02,1638.3591779519813
2002-04-03,1653.9192326699888
2002-04-04,1630.850444415564
2002-04-05,1638.399985502969
2002-04-08,1624.593176992046
2002-04-09,1631.427313534857
2002-04-10,1622.1014896205475
2002-04-11,1604.940090816382
2002-04-12,1616.7103933220656
2002-04-15,1604.157011843892
2002-04-16,1611.3756267161991
2002-04-17,1599.8323093855965
2002-04-18,1598.5026486567895
2002-04-19,1583.2708334488987
2002-04-22,1581.7648096920693
2002-04-23,1578.3758592174136
2002-04-24,1584.337876872147
2002-04-25,1586.3632434394342
2002-04-26,1562.454899110426
2002-04-29,1572.8071623128517
2002-04-30,1543.0864076578691
2002-05-01,1545.1946069055043
2002-05-02,1541.5366761979308
2002-05-03,1533.029958118268
2002-05-06,1525.8149703011402
2002-05-07,1535.701790764669
2002-05-08,1525.4663500298063
2002-05-09,1524.5705787394734
2002-05-10,1521.5209277824317
2002-05-13,1512.9141711020961
2002-05-14,1510.4995074414485
2002-05-15,1499.6859639023544
2002-05-16,1486.0138644328592
2002-05-17,1497.461786529525
2002-05-20,1479.9273026172255
2002-05-21,1472.1153662683166
2002-05-22,1472.4767364219244
2002-05-23,1461.857366156297
2002-05-24,1460.296414751655
2002-05-27,1460.6682523192242
2002-05-28,1455.518092531663
2002-05-29,1441.333805283679
2002-05-30,1439.1795077750508
2002-05-31,1445.302198204988
2002-06-03,1431.030423365823
2002-06-04,1432.1723203144213
2002-06-05,1415.8195019711568
2002-06-06,1405.6292498393943
2002-06-07,1378.1900302575496
2002-06-10,1383.3406233706032
2002-06-11,1368.0391130331093
2002-06-12,1355.05217541332
2002-06-13,1350.3895210783644
2002-06-14,1346.1154182106388
2002-06-17,1333.7089832044483
2002-06-18,1315.235042673566
2002-06-19,1316.6327690348323
2002-06-20,1298.4013599132786
2002-06-21,1294.8104767765599
2002-06-24,1282.3807282275736
2002-06-25,1273.9164272985838
2002-06-26,1271.2103422269486
2002-06-27,1250.9280646611376
2002-06-28,1260.7842418877256
2002-07-01,1230.7303022025662
2002-07-02,1231.7820900469144
2002-07-03,1231.2181550172995
2002-07-04,1226.0184988270178
2002-07-05,1215.374213405393
2002-07-08,1209.2102348549363
2002-07-09,1205.6333169418388
2002-07-10,1195.4207976536575
2002-07-11,1198.76989202012
2002-07-12,1189.1539196360063
2002-07-15,1183.065130792048
2002-07-16,1166.0377195012697
2002-07-17,1165.0416290710884
2002-07-18,1157.601619087736
2002-07-19,1147.416597602532
2002-07-22,1149.1847565791243
2002-07-23,1137.9878370736285
2002-07-24,1138.7430559379675
2002-07-25,1122.982394768621
2002-07-26,1132.7085513273703
2002-07-29,1112.1125625163463
2002-07-30,1112.432408660397
2002-07-31,1109.7163688507212
2002-08-01,1102.3636149251352
2002-08-02,1110.4086454207907
2002-08-05,1099.0771194034367
2002-08-06,1114.0822816750235
2002-08-07,1106.3079525973058
2002-08-08,1103.1083440945176
2002-08-09,1104.9304163002284
2002-08-12,1111.2402621789104
2002-08-13,1103.7071687876116
2002-08-14,1102.9719531464152
2002-08-15,1106.0717298776665
2002-08-16,1100.9591722115438
2002-08-19,1117.737356084321
2002-08-20,1104.6955866253472
2002-08-21,1112.6184253124807
2002-08-22,1109.3501952239126
2002-08-23,1102.9117423941343
2002-08-26,1108.513234785968
2002-08-27,1113.0708530201255
2002-08-28,1107.8592447863862
2002-08-29,1115.6978145410735
2002-08-30,1114.925630822986
2002-09-02,1104.9959362555662
2002-09-03,1088.1958664623958
2002-09-04,1075.7011961749824
2002-09-05,1069.1654500337263
2002-09-06,1064.4904648767106
2002-09-09,1057.3917056436992
2002-09-10,1034.302461987767
2002-09-11,1036.8304301474218
2002-09-12,1028.9754274758518
2002-09-13,1018.1112929069435
2002-09-16,1017.4891938488103
2002-09-17,1004.5840359095888
2002-09-18,1000.5611136703866
2002-09-19,984.6347238003622
2002-09-20,982.000713650799
2002-09-23,977.1324137096155
2002-09-24,967.3705451364763
2002-09-25,947.7903858745563
2002-09-26,943.7906119092711
2002-09-27,935.4340841760654
2002-09-30,931.4530276445109
2002-10-01,938.8563103020713
2002-10-02,938.2039346152101
2002-10-03,949.0332485957869
2002-10-04,945.6644368305356
2002-10-07,968.8954441190352
2002-10-08,966.1718930489272
2002-10-09,975.6659607106744
2002-10-10,980.6598086742642
2002-10-11,994.681837341246
2002-10-14,981.767067350401
2002-10-15,1002.7427094090336
2002-10-16,1009.269548860561
2002-10-17,1014.5238607874343
2002-10-18,1032.7429586642563
2002-10-21,1026.455686675164
2002-10-22,1042.2104951230463
2002-10-23,1047.2902694949066
2002-10-24,1059.3423741298484
2002-10-25,1056.491041850523
2002-10-28,1063.4912184603365
2002-10-29,1080.7207026282017
2002-10-30,1084.6107546320288
2002-10-31,1081.4213274104893
2002-11-01,1091.8044622177545
2002-11-04,1101.81969623277
2002-11-05,1109.2833468669064
2002-11-06,1105.870973505005
2002-11-07,1098.4034907850337
2002-11-08,1122.6028982582166
2002-11-11,1117.8621641594125
2002-11-12,1118.4027287238132
2002-11-13,1118.8234560442725
2002-11-14,1144.65493259127
2002-11-15,1145.8944679413407
2002-11-18,1149.0261935651263
2002-11-19,1163.5386221788726
2002-11-20,1164.4250053486585
2002-11-21,1175.3852175243433
2002-11-22,1163.066381868177
2002-11-25,1176.3027855800578
2002-11-26,1172.2602317143653
2002-11-27,1185.7833624703767
2002-11-28,1191.0180040904795
2002-11-29,1201.633039719024
2002-12-02,1187.5175222226994
2002-12-03,1180.3763141175803
2002-12-04,1170.3654272915626
2002-12-05,1168.3656629391035
2002-12-06,1143.844613549934
2002-12-09,1130.138800452157
2002-12-10,1126.7870088926682
2002-12-11,1110.9383180596485
2002-12-12,1113.7033734868926
2002-12-13,1094.147089183492
2002-12-16,1082.9017491532309
2002-12-17,1073.796674684289
2002-12-18,1070.6110541327448
2002-12-19,1056.4759121771574
2002-12-20,1044.5625691287146
2002-12-23,1047.2711433544025
2002-12-24,1024.996747670392
2002-12-25,1020.4474255303226
2002-12-26,1014.5077137192341
2002-12-27,994.0587476271068
2002-12-30,995.7226406464835
2002-12-31,979.3261269566796
2003-01-01,987.4899265146989
2003-01-02,977.6410252668067
2003-01-03,984.6949490816435
2003-01-06,985.6433554103293
2003-01-07,983.369742639533
2003-01-08,979.311384307061
2003-01-09,975.8835788116164
2003-01-10,973.133053264778
2003-01-13,982.0497230062481
2003-01-14,970.4080827877488
2003-01-15,967.7057663856983
2003-01-16,974.91943091049
2003-01-17,966.7611749300204
2003-01-20,964.9584946553207
2003-01-21,961.5140106786614
2003-01-22,965.1103749894648
2003-01-23,965.9894273275675
2003-01-24,966.5063596055342
2003-01-27,968.8647457146849
2003-01-28,965.761973571556
2003-01-29,961.2535034846868
2003-01-30,960.1678574331506
2003-01-31,962.5189344059072
2003-02-03,962.725388133143
2003-02-04,953.8211718295521
2003-02-05,947.5841428418706
2003-02-06,941.7188515509143
2003-02-07,936.2200266871071
2003-02-10,942.7940959058179
2003-02-11,939.0109480126614
2003-02-12,935.6517905854208
2003-02-13,929.0258295910264
2003-02-14,932.8173437011249
2003-02-17,920.7560742073548
2003-02-18,924.0839950385308
2003-02-19,916.2264761156143
2003-02-20,910.3509996922554
2003-02-21,912.5603464897242
2003-02-24,908.469528874168
2003-02-25,904.9845308314502
2003-02-26,900.5090402518174
2003-02-27,896.7559282656335
2003-02-28,904.392679087341
2003-03-03,900.7664070231026
2003-03-04,900.4542679390357
2003-03-05,899.4650651304811
2003-03-06,905.2527076912284
2003-03-07,904.8120409307294
2003-03-10,904.3543268005571
2003-03-11,904.6253355649088
2003-03-12,907.4012876022191
2003-03-13,895.1219386268674
2003-03-14,912.2746872693954
2003-03-17,910.863394464779
2003-03-18,922.1609076213148
2003-03-19,916.7494897105832
2003-03-20,912.9896942550116
2003-03-21,920.0125715823277
2003-03-24,917.2151326828122
2003-03-25,926.0240799671359
2003-03-26,926.9867705587236
2003-03-27,931.8883365205904
2003-03-28,925.5818790232025
2003-03-31,931.2283195907753
2003-04-01,931.6147438845894
2003-04-02,948.3300696096615
2003-04-03,954.5363107450936
2003-04-04,961.5475843746019
2003-04-07,966.3340672086885
2003-04-08,975.5550879480717
2003-04-09,988.6674380007828
2003-04-10,986.7090774495407
2003-04-11,996.1801592840333
2003-04-14,997.4710399836368
2003-04-15,1006.0139320506299
2003-04-16,1018.4369311670445
2003-04-17,1031.1946486867453
2003-04-18,1031.8617301214144
2003-04-21,1039.6665440224692
2003-04-22,1046.5271642926325
2003-04-23,1053.659942074019
2003-04-24,1065.9370867355667
2003-04-25,1064.2810411803753
2003-04-28,1087.2283144844298
2003-04-29,1084.7484337815674
2003-04-30,1100.44779976374
2003-05-01,1089.7652258290768
2003-05-02,1100.6374368703
2003-05-05,1100.8948240229502
2003-05-06,1099.5563235724023
2003-05-07,1092.229913601792
2003-05-08,1099.2974145490643
2003-05-09,1091.6712817478046
2003-05-12,1097.0188812247075
2003-05-13,1104.3017424841403
2003-05-14,1103.2642822979876
2003-05-15,1099.2102693853271
2003-05-16,1094.008505261275
2003-05-19,1103.1563974754217
2003-05-20,1099.9536466571133
2003-05-21,1087.3244999240333
2003-05-22,1104.6332291737053
2003-05-23,1100.4344224278673
2003-05-26,1107.4264528957242
2003-05-27,1095.0187757430053
2003-05-28,1083.7966071561998
2003-05-29,1103.066544789124
2003-05-30,1103.3761805602899
2003-06-02,1095.1932265582034
2003-06-03,1101.8798973890573
2003-06-04,1125.3638528513459
2003-06-05,1111.151926259789
2003-06-06,1119.7178410215338
2003-06-09,1114.7967643251257
2003-06-10,1109.5187079422283
2003-06-11,1123.0894321440442
2003-06-12,1125.3658479779742
2003-06-13,1127.426742581955
2003-06-16,1131.8664143535202
2003-06-17,1136.8530072428814
2003-06-18,1137.342854774374
2003-06-19,1133.837181036233
2003-06-20,1146.6880143359517
2003-06-23,1135.5956085467255
2003-06-24,1137.8600773652722
2003-06-25,1156.7857856403514
2003-06-26,1158.34262500671
2003-06-27,1157.9757338325235
2003-06-30,1153.1079562089662
2003-07-01,1160.4141738052951
2003-07-02,1166.3374807941925
2003-07-03,1161.8712576843664
2003-07-04,1170.2315136674697
2003-07-07,1181.7781275508967
2003-07-08,1189.740584225204
2003-07-09,1182.209310899991
2003-07-10,1192.5810693299447
2003-07-11,1180.0873774805664
2003-07-14,1198.8430457852353
2003-07-15,1193.50880555287
2003-07-16,1203.6049672804572
2003-07-17,1203.7074924261144
2003-07-18,1216.632175132217
2003-07-21,1206.8149905152904
2003-07-22,1219.4010418069654
2003-07-23,1217.3646660382763
2003-07-24,1221.5925094128834
2003-07-25,1224.934959488561
2003-07-28,1224.3748250378878
2003-07-29,1233.0089174249665
2003-07-30,1236.240500996023
2003-07-31,1241.6658945943327
2003-08-01,1242.7615010036589
2003-08-04,1249.2714417597992
2003-08-05,1252.13542374864
2003-08-06,1241.8988910635703
2003-08-07,1255.9697795439058
2003-08-08,1245.1913641156796
2003-08-11,1258.3968301589175
2003-08-12,1260.694179568974
2003-08-13,1246.863350202532
2003-08-14,1261.578134110904
2003-08-15,1260.1344541604744
2003-08-18,1260.39810729612
2003-08-19,1275.866098706558
2003-08-20,1265.2692629901355
2003-08-21,1266.4069107339599
2003-08-22,1274.1345211926955
2003-08-25,1280.1481862842686
2003-08-26,1276.9957873106907
2003-08-27,1287.4952989514459
2003-08-28,1285.5673857654951
2003-08-29,1270.312616010344
2003-09-01,1280.677484746603
2003-09-02,1280.2471555627271
2003-09-03,1286.7073269393818
2003-09-04,1266.5641450784453
2003-09-05,1299.5389698437104
2003-09-08,1286.3682091447165
2003-09-09,1283.6937271959512
2003-09-10,1290.0929118375718
2003-09-11,1297.3194485004321
2003-09-12,1287.652197660486
2003-09-15,1287.9288278863378
2003-09-16,1282.462428847895
2003-09-17,1280.495524655397
2003-09-18,1278.131754157856
2003-09-19,1275.6659896951064
2003-09-22,1276.3350932584171
2003-09-23,1271.8649766464387
2003-09-24,1279.8038293441614
2003-09-25,1269.2846418549882
2003-09-26,1281.0663984401515
2003-09-29,1279.389873873929
2003-09-30,1280.3399451037794
2003-10-01,1280.7679447739274
2003-10-02,1308.6862850558334
2003-10-03,1302.4106626148903
2003-10-06,1290.306642387181
2003-10-07,1304.6938599828397
2003-10-08,1304.0082725959144
2003-10-09,1306.1512946709227
2003-10-10,1308.8252468656012
2003-10-13,1325.3735515412493
2003-10-14,1322.8726000746456
2003-10-15,1338.7394599702634
2003-10-16,1343.852280517261
2003-10-17,1351.3613763944954
2003-10-20,1341.3520449128073
2003-10-21,1355.2769872153078
2003-10-22,1361.343165708112
2003-10-23,1358.8293474250015
2003-10-24,1361.8085670456203
2003-10-27,1383.1701460202887
2003-10-28,1378.7567939292576
2003-10-29,1386.6668092134323
2003-10-30,1381.6686731856998
2003-10-31,1384.000792866063
2003-11-03,1389.2989045795775
2003-11-04,1393.1777356447865
2003-11-05,1387.396963941217
2003-11-06,1395.5274150795383
2003-11-07,1384.5848005660375
2003-11-10,1389.3273840171644
2003-11-11,1402.6196775671997
2003-11-12,1402.9317891066382
2003-11-13,1396.7463618682589
2003-11-14,1393.142560389035
2003-11-17,1393.8512780411804
2003-11-18,1399.212845467416
2003-11-19,1407.1302610415867
2003-11-20,1409.9051997483314
2003-11-21,1400.687607682856
2003-11-24,1396.853049992771
2003-11-25,1407.621497335915
2003-11-26,1400.7305666835196
2003-11-27,1403.6591655957502
2003-11-28,1417.4205400509165
2003-12-01,1416.3695412882653
2003-12-02,1414.1026477931835
2003-12-03,1406.4396034645024
2003-12-04,1419.3988635147646
2003-12-05,1427.9101674166902
2003-12-08,1420.1585358325608
2003-12-09,1434.931352204224
2003-12-10,1437.0074530414038
2003-12-11,1442.1568906085788
2003-12-12,1434.9303944682438
2003-12-15,1439.4479265906648
2003-12-16,1447.8920900071935
2003-12-17,1443.4454018057847
2003-12-18,1439.1099319975647
2003-12-19,1441.9907361375515
2003-12-22,1449.4694932341235
2003-12-23,1440.89947459548
2003-12-24,1451.7365061822302
2003-12-25,1463.279944160742
2003-12-26,1441.8567218701037
2003-12-29,1471.5661518969175
2003-12-30,1471.1082237576743
2003-12-31,1462.0712127068864
2004-01-01,1472.9378879329684
2004-01-02,1472.4852199904497
2004-01-05,1485.0629169407991
2004-01-06,1486.7872246021775
2004-01-07,1472.6763217619714
2004-01-08,1490.972384355678
2004-01-09,1488.6326251034106
2004-01-12,1494.3493632622342
2004-01-13,1491.8537644749158
2004-01-14,1514.0071159967933
2004-01-15,1512.303739653618
2004-01-16,1502.5020576077482
2004-01-19,1501.6015131180673
2004-01-20,1512.3845349748253
2004-01-21,1522.2326564082412
2004-01-22,1524.396239054832
2004-01-23,1535.773851402365
2004-01-26,1535.9057246548007
2004-01-27,1540.9586602195106
2004-01-28,1539.7063265867055
2004-01-29,1530.168999225325
2004-01-30,1543.048659383658
2004-02-02,1553.1710006988485
2004-02-03,1545.005803322235
2004-02-04,1549.7145069020535
2004-02-05,1543.783984896596
2004-02-06,1538.706770746872
2004-02-09,1546.13902578825
2004-02-10,1549.9070238101856
2004-02-11,1542.8636344639206
2004-02-12,1546.5364510353154
2004-02-13,1541.5090943375828
2004-02-16,1557.8769926968064
2004-02-17,1547.3489655777632
2004-02-18,1561.312987863634
2004-02-19,1562.32858905855
2004-02-20,1550.2721945065823
2004-02-23,1543.5021459429508
2004-02-24,1535.5641123020753
2004-02-25,1540.7476459300485
2004-02-26,1541.9308499868348
2004-02-27,1563.7239545042012
2004-03-01,1550.6134682733789
2004-03-02,1549.4314728014908
2004-03-03,1525.9970683974589
2004-03-04,1530.6226645509985
2004-03-05,1543.3854047905725
2004-03-08,1535.4996476752442
2004-03-09,1528.9128869002013
2004-03-10,1531.0958807382622
2004-03-11,1535.996710342242
2004-03-12,1518.6141993661565
2004-03-15,1517.586253222276
2004-03-16,1515.290355854381
2004-03-17,1528.6796674919292
2004-03-18,1491.575306480369
2004-03-19,1509.329676730335
2004-03-22,1500.1294749683113
2004-03-23,1502.042290126312
2004-03-24,1489.698637140256
2004-03-25,1491.0663344613135
2004-03-26,1493.5523087026088
2004-03-29,1508.2070593585618
2004-03-30,1487.9200482065328
2004-03-31,1472.5094877747224
2004-04-01,1473.3100149995187
2004-04-02,1470.7583990582095
2004-04-05,1458.5521562684355
2004-04-06,1467.0101550570132
2004-04-07,1472.4841725650058
2004-04-08,1455.452864195093
2004-04-09,1470.1325471735072
2004-04-12,1463.7109436866165
2004-04-13,1452.4856490909838
2004-04-14,1454.499064601005
2004-04-15,1464.837775490368
2004-04-16,1456.2445415787147
2004-04-19,1448.6889588993017
2004-04-20,1444.612534844519
2004-04-21,1444.594186104162
2004-04-22,1438.0651668770977
2004-04-23,1424.3226430481284
2004-04-26,1451.8668192957348
2004-04-27,1436.0303507673907
2004-04-28,1435.495725683204
2004-04-29,1429.9609096466477
2004-04-30,1422.8608617285859
2004-05-03,1426.5091541829827
2004-05-04,1416.1468739591517
2004-05-05,1443.5399762186528
2004-05-06,1418.2079822868486
2004-05-07,1419.3812850477718
2004-05-10,1423.3297210748904
2004-05-11,1435.3818667071419
2004-05-12,1426.026933510271
2004-05-13,1416.8389240883164
2004-05-14,1434.3169133089668
2004-05-17,1430.3131730427963
2004-05-18,1428.6673859501188
2004-05-19,1429.6566483093532
2004-05-20,1441.3370828292716
2004-05-21,1439.57105797664
2004-05-24,1418.851805815138
2004-05-25,1435.025406186332
2004-05-26,1425.921674684429
2004-05-27,1426.4733768983633
2004-05-28,1410.6124545068135
2004-05-31,1423.5377945459306
2004-06-01,1421.0573553272134
2004-06-02,1434.8803940541343
2004-06-03,1438.7389539087824
2004-06-04,1418.323343458104
2004-06-07,1435.1480146745716
2004-06-08,1445.4893929543211
2004-06-09,1438.2061674113525
2004-06-10,1446.931751386169
2004-06-11,1446.3411441993844
2004-06-14,1448.4090030113273
2004-06-15,1446.1104664325233
2004-06-16,1441.392515623079
2004-06-17,1444.2120212357927
2004-06-18,1459.660565364299
2004-06-21,1456.79214614368
2004-06-22,1457.791924848167
2004-06-23,1457.8607952769678
2004-06-24,1460.8827589556033
2004-06-25,1472.9468271842384
2004-06-28,1464.9815455794032
2004-06-29,1459.7548449956842
2004-06-30,1477.2524590510222
2004-07-01,1466.347247056011
2004-07-02,1464.1620744274092
2004-07-05,1471.7596223099597
2004-07-06,1455.9766859851688
2004-07-07,1454.3388773876682
2004-07-08,1439.824573804449
2004-07-09,1442.9089628663448
2004-07-12,1445.0297848276302
2004-07-13,1425.6195198893158
2004-07-14,1434.3965756593818
2004-07-15,1429.8523126082184
2004-07-16,1425.6110755896582
2004-07-19,1428.883433516332
2004-07-20,1420.0875479316385
2004-07-21,1424.381536364294
2004-07-22,1403.1518037770734
2004-07-23,1407.3486071415593
2004-07-26,1403.2306210159195
2004-07-27,1391.414844435939
2004-07-28,1401.830098716504
2004-07-29,1407.6077729474628
2004-07-30,1387.602001651587
2004-08-02,1390.3780036974395
2004-08-03,1386.6182312418703
2004-08-04,1380.2472763145918
2004-08-05,1371.7442402688
2004-08-06,1378.6229018500285
2004-08-09,1373.0406155990063
2004-08-10,1393.5965728017768
2004-08-11,1380.187497806011
2004-08-12,1377.7553237766656
2004-08-13,1385.4350804586252
2004-08-16,1370.7326641274433
2004-08-17,1372.3434991229285
2004-08-18,1377.256497602067
2004-08-19,1383.0282128790432
2004-08-20,1378.563060222922
2004-08-23,1375.983691120917
2004-08-24,1373.9779750557643
2004-08-25,1375.3530351134243
2004-08-26,1373.1545001634747
2004-08-27,1363.8769512196538
2004-08-30,1370.4189564956152
2004-08-31,1361.9191516500186
2004-09-01,1372.4862293840108
2004-09-02,1371.291748719307
2004-09-03,1394.7526220615111
2004-09-06,1379.6659119691271
2004-09-07,1372.9142713677238
2004-09-08,1384.3784987831168
2004-09-09,1391.603438412045
2004-09-10,1402.3312055207477
2004-09-13,1389.290454477309
2004-09-14,1385.0578928294383
2004-09-15,1404.5292488489297
2004-09-16,1391.8588766711
2004-09-17,1401.1939930932479
2004-09-20,1405.1720216459535
2004-09-21,1409.2268419112695
2004-09-22,1417.3233404547018
2004-09-23,1410.3627982353082
2004-09-24,1416.0087823073209
2004-09-27,1420.6026831102686
2004-09-28,1424.5287399767735
2004-09-29,1426.926935605549
2004-09-30,1432.1152612639653
2004-10-01,1436.5204419567965
2004-10-04,1434.782634038675
2004-10-05,1436.7104433070815
2004-10-06,1423.5969903819107
2004-10-07,1436.8009091886242
2004-10-08,1441.3803368415436
2004-10-11,1444.6733529508726
2004-10-12,1435.9347229615196
2004-10-13,1437.667118454043
2004-10-14,1439.7742905858752
2004-10-15,1449.2962272407322
2004-10-18,1454.4012410823184
2004-10-19,1445.4742066692218
2004-10-20,1456.5126227628755
2004-10-21,1452.3330215633282
2004-10-22,1452.0422623787056
2004-10-25,1452.9177462093326
2004-10-26,1461.4015906073953
2004-10-27,1459.8519655570067
2004-10-28,1475.595965452158
2004-10-29,1454.2865869332804
2004-11-01,1467.899591839326
2004-11-02,1463.8289046392138
2004-11-03,1464.932000371441
2004-11-04,1474.8703349943726
2004-11-05,1479.5982859179308
2004-11-08,1503.8511065415253
2004-11-09,1484.5063682110715
2004-11-10,1481.116535278991
2004-11-11,1495.2403204402353
2004-11-12,1481.3519122103473
2004-11-15,1499.875783075932
2004-11-16,1504.3817063582403
2004-11-17,1513.9568831371203
2004-11-18,1519.038436277743
2004-11-19,1511.5866861317068
2004-11-22,1517.9902185236208
2004-11-23,1517.041885245655
2004-11-24,1518.0151695963848
2004-11-25,1532.756743684137
2004-11-26,1524.3849609284832
2004-11-29,1534.7441792286004
2004-11-30,1534.048602012721
2004-12-01,1549.3364450194324
2004-12-02,1562.4144333146692
2004-12-03,1541.7524416143847
2004-12-06,1540.8343634149412
2004-12-07,1557.6700265791317
2004-12-08,1562.1727871578137
2004-12-09,1567.1760334623184
2004-12-10,1565.3851819532126
2004-12-13,1570.738246732663
2004-12-14,1578.6478864480164
2004-12-15,1587.4118676789337
2004-12-16,1567.177680112106
2004-12-17,1583.1819229084906
2004-12-20,1591.2740551412826
2004-12-21,1585.7373205672018
2004-12-22,1610.3506497273997
2004-12-23,1594.9376732915316
2004-12-24,1603.1872810509624
2004-12-27,1611.4910256642563
2004-12-28,1605.7745317024678
2004-12-29,1599.1539081503222
2004-12-30,1614.1173562133026
2004-12-31,1629.4642333701224
2005-01-03,1615.6385243631805
2005-01-04,1608.7763683062117
2005-01-05,1620.3328371758807
2005-01-06,1607.4636010254915
2005-01-07,1603.289717101596
2005-01-10,1605.8569400299255
2005-01-11,1608.1038521548364
2005-01-12,1618.2519198523496
2005-01-13,1603.0928802774492
2005-01-14,1603.0186209153028
2005-01-17,1587.0419606869098
2005-01-18,1580.2155382459853
2005-01-19,1586.1572712878128
2005-01-20,1583.8162068223153
2005-01-21,1571.755693574077
2005-01-24,1576.2087638405856
2005-01-25,1578.0545307570717
2005-01-26,1575.0663586043781
2005-01-27,1573.5185106571525
2005-01-28,1569.172765162616
2005-01-31,1560.2646092245498
2005-02-01,1562.0418741075973
2005-02-02,1558.5047223157433
2005-02-03,1583.7523232434748
2005-02-04,1571.6921717108435
2005-02-07,1571.6620451788654
2005-02-08,1567.9621560452383
2005-02-09,1600.2760547208288
2005-02-10,1570.5037520238134
2005-02-11,1577.441070479863
2005-02-14,1585.9768154254814
2005-02-15,1589.2989843948912
2005-02-16,1594.0017262304136
2005-02-17,1602.6201117724333
2005-02-18,1594.1536779947562
2005-02-21,1583.5896973783947
2005-02-22,1591.8164745856504
2005-02-23,1598.1909128191885
2005-02-24,1614.1287491605008
2005-02-25,1588.303911030955
2005-02-28,1610.988789562037
2005-03-01,1600.7434102658012
2005-03-02,1603.9432122147605
2005-03-03,1594.3885615841073
2005-03-04,1586.4440692021467
2005-03-07,1597.083554386213
2005-03-08,1594.2675013623414
2005-03-09,1594.741731856008
2005-03-10,1584.8859983912353
2005-03-11,1578.2097033413688
2005-03-14,1568.603875634636
2005-03-15,1585.3649815572892
2005-03-16,1580.2120986672091
2005-03-17,1567.2413629255068
2005-03-18,1568.5894980097748
2005-03-21,1567.1403145211243
2005-03-22,1557.157730925454
2005-03-23,1560.3710821436177
2005-03-24,1555.89492287766
2005-03-25,1559.534482326729
2005-03-28,1554.9871540069669
2005-03-29,1546.068152592612
2005-03-30,1572.4913383101973
2005-03-31,1564.4869385078382
2005-04-01,1545.122770640228
2005-04-04,1549.69566337782
2005-04-05,1547.2417776343252
2005-04-06,1549.6324524695472
2005-04-07,1530.6154313348713
2005-04-08,1541.734857354975
2005-04-11,1525.6349134613267
2005-04-12,1516.1034742774762
2005-04-13,1528.2919117079173
2005-04-14,1529.0718816011147
2005-04-15,1535.3766703069903
2005-04-18,1503.1964633354287
2005-04-19,1514.0532488459862
2005-04-20,1502.217008649644
2005-04-21,1507.712476617589
2005-04-22,1487.3501964044865
2005-04-25,1485.4729433347163
2005-04-26,1485.6783379218507
2005-04-27,1488.6124344493992
2005-04-28,1479.8347841430118
2005-04-29,1486.0508576128716
2005-05-02,1492.6295542176751
2005-05-03,1493.3130062237938
2005-05-04,1504.7861786235924
2005-05-05,1499.6805882384301
2005-05-06,1491.3143026178745
2005-05-09,1514.5832959573434
2005-05-10,1503.6597073907624
2005-05-11,1519.0114874471558
2005-05-12,1527.9723743180655
2005-05-13,1523.439011417965
2005-05-16,1512.5035342662493
2005-05-17,1520.8345715711334
2005-05-18,1541.9356419786188
2005-05-19,1534.4719757781857
2005-05-20,1540.359460697699
2005-05-23,1549.5904537201254
2005-05-24,1553.118757468145
2005-05-25,1553.9004434071967
2005-05-26,1554.1316786889674
2005-05-27,1557.3443299988762
2005-05-30,1570.5291761149085
2005-05-31,1572.2096253033756
2005-06-01,1565.0193601531728
2005-06-02,1574.6751743230222
2005-06-03,1564.3574571628212
2005-06-06,1557.8717970960406
2005-06-07,1557.7671795888832
2005-06-08,1555.220549500932
2005-06-09,1559.9092081165543
2005-06-10,1570.8357208906311
2005-06-13,1554.0928874776127
2005-06-14,1561.0131582120566
2005-06-15,1553.595309261356
2005-06-16,1555.85583112239
2005-06-17,1545.298074609865
2005-06-20,1554.5092274091135
2005-06-21,1553.8903697381672
2005-06-22,1558.768378491614
2005-06-23,1555.4758403580042
2005-06-24,1543.6091088753392
2005-06-27,1560.5012741992962
2005-06-28,1552.8923495432668
2005-06-29,1551.9733492397356
2005-06-30,1549.5388546668537
2005-07-01,1549.024193347499
2005-07-04,1558.1820367916532
2005-07-05,1563.6463825349663
2005-07-06,1549.739092059824
2005-07-07,1562.6389633621366
2005-07-08,1568.3309485554705
2005-07-11,1575.8291572719577
2005-07-12,1586.7127330327314
2005-07-13,1574.697919035491
2005-07-14,1580.3569640451078
2005-07-15,1583.744119865763
2005-07-18,1584.9550498156261
2005-07-19,1592.0911389403939
2005-07-20,1604.5549297862522
2005-07-21,1593.4966321946208
2005-07-22,1608.9224592361024
2005-07-25,1595.3545522546046
2005-07-26,1608.0870848830352
2005-07-27,1613.5249492713142
2005-07-28,1633.3342314083113
2005-07-29,1621.1294846527833
2005-08-01,1605.34272340119
2005-08-02,1606.834678077145
2005-08-03,1623.1804903554155
2005-08-04,1627.7324947676696
2005-08-05,1625.6467399001228
2005-08-08,1623.8082105808478
2005-08-09,1631.7246823205762
2005-08-10,1617.768758305848
2005-08-11,1629.2511485559048
2005-08-12,1608.6073368777427
2005-08-15,1614.3522084883323
2005-08-16,1606.8872601432988
2005-08-17,1619.1583161771189
2005-08-18,1620.8597562608452
2005-08-19,1622.0079011980313
2005-08-22,1621.4329222419499
2005-08-23,1613.2629126786267
2005-08-24,1619.0865085916407
2005-08-25,1608.3435320369208
2005-08-26,1631.369160069014
2005-08-29,1617.7135460766497
2005-08-30,1616.0615526738534
2005-08-31,1632.739383849184
2005-09-01,1613.1995169096183
2005-09-02,1617.5464160950294
2005-09-05,1621.1929795145072
2005-09-06,1633.0072225968584
2005-09-07,1640.5354330522007
2005-09-08,1646.5177161759163
2005-09-09,1665.0467561834432
2005-09-12,1628.8406657671667
2005-09-13,1655.8635364748181
2005-09-14,1649.707896432766
2005-09-15,1652.940106810809
2005-09-16,1656.1447869481303
2005-09-19,1657.2276916468763
2005-09-20,1682.3504346149264
2005-09-21,1678.8539084730676
2005-09-22,1675.5289079348727
2005-09-23,1690.2043887521095
2005-09-26,1669.6765043709597
2005-09-27,1674.7262404248802
2005-09-28,1671.0966599265619
2005-09-29,1687.1330137557732
2005-09-30,1697.9917047718886
2005-10-03,1692.7041404977124
2005-10-04,1688.321330166543
2005-10-05,1670.4334677485338
2005-10-06,1684.2937098872499
2005-10-07,1674.829111438235
2005-10-10,1674.2200638796778
2005-10-11,1647.6583718574575
2005-10-12,1661.291592168759
2005-10-13,1644.2062246172918
2005-10-14,1646.0867501809896
2005-10-17,1649.105128171833
2005-10-18,1640.8182216489406
2005-10-19,1628.481548032971
2005-10-20,1630.8825435094504
2005-10-21,1613.7778639637252
2005-10-24,1630.970235017903
2005-10-25,1615.4093653358664
2005-10-26,1621.5259545519045
2005-10-27,1603.7257095732664
2005-10-28,1599.2254914728678
2005-10-31,1592.790708734224
2005-11-01,1609.7299216695524
2005-11-02,1600.8278008456305
2005-11-03,1615.5433623470965
2005-11-04,1611.1024241674654
2005-11-07,1602.0483787263652
2005-11-08,1617.2635738868328
2005-11-09,1616.1672395143146
2005-11-10,1629.900796940483
2005-11-11,1623.7837114979764
2005-11-14,1644.9784495786387
2005-11-15,1640.55045690171
2005-11-16,1643.7466165114176
2005-11-17,1654.534744252418
2005-11-18,1661.0217597472067
2005-11-21,1656.8259509082875
2005-11-22,1654.5349262936663
2005-11-23,1650.128582623417
2005-11-24,1663.1372153306174
2005-11-25,1667.6746653904079
2005-11-28,1677.7195107493299
2005-11-29,1677.9155650135558
2005-11-30,1690.6152161498585
2005-12-01,1679.18258349961
2005-12-02,1683.3898042095072
2005-12-05,1693.360875906536
2005-12-06,1685.7969666954368
2005-12-07,1681.9410889463375
2005-12-08,1676.9095000459577
2005-12-09,1676.1736456662456
2005-12-12,1673.873923483688
2005-12-13,1676.0035139105673
2005-12-14,1686.4235006646882
2005-12-15,1677.738499671658
2005-12-16,1667.7961395352177
2005-12-19,1693.4956457437875
2005-12-20,1680.8664120537876
2005-12-21,1665.906241055444
2005-12-22,1673.5299868877594
2005-12-23,1677.6921592836434
2005-12-26,1690.5766915751228
2005-12-27,1666.5321363753726
2005-12-28,1683.5206265082038
2005-12-29,1686.5920400816594
2005-12-30,1669.1369061579153
2006-01-02,1676.2792341977304
2006-01-03,1674.107764702567
2006-01-04,1685.340759070072
2006-01-05,1690.9878188487894
2006-01-06,1701.1404700736987
2006-01-09,1709.0752218107755
2006-01-10,1697.707896624452
2006-01-11,1691.5604553440048
2006-01-12,1712.4768614140596
2006-01-13,1719.4833295024307
2006-01-16,1723.4253463676587
2006-01-17,1722.7864567935228
2006-01-18,1731.0211870427104
2006-01-19,1747.431238984327
2006-01-20,1741.9675877456439
2006-01-23,1739.7650382598226
2006-01-24,1743.0296353632418
2006-01-25,1750.304028245076
2006-01-26,1770.5668614407844
2006-01-27,1758.9950866860179
2006-01-30,1764.8590959747983
2006-01-31,1765.202803028176
2006-02-01,1778.7344688787439
2006-02-02,1785.888315317393
2006-02-03,1772.0856562321017
2006-02-06,1768.3778105223369
2006-02-07,1767.515610739545
2006-02-08,1745.6728795734725
2006-02-09,1772.8603855494816
2006-02-10,1767.008940260069
2006-02-13,1769.1501024464337
2006-02-14,1758.6357865792818
2006-02-15,1761.067401768225
2006-02-16,1760.3791216393572
2006-02-17,1772.5580785723946
2006-02-20,1759.7561270748147
2006-02-21,1780.9955113660044
2006-02-22,1765.9825474790484
2006-02-23,1750.494955757494
2006-02-24,1760.145861327698
2006-02-27,1755.0864609034347
2006-02-28,1741.0553746580147
2006-03-01,1775.7356641855997
2006-03-02,1769.1231593626746
2006-03-03,1768.9076546653948
2006-03-06,1766.9442381805006
2006-03-07,1754.556506479152
2006-03-08,1763.7715058818715
2006-03-09,1776.7764489841368
2006-03-10,1761.3066382766438
2006-03-13,1749.4675552500464
2006-03-14,1771.1697444741571
2006-03-15,1773.2119679951352
2006-03-16,1776.9607052913766
2006-03-17,1783.5184306545389
2006-03-20,1784.0040047389805
2006-03-21,1781.9273685135097
2006-03-22,1791.561623537571
2006-03-23,1768.6723720099044
2006-03-24,1788.0005735599063
2006-03-27,1790.3861037398915
2006-03-28,1775.0199111999805
2006-03-29,1773.954519316989
2006-03-30,1782.011044907621
2006-03-31,1784.059270243632
2006-04-03,1797.1251850666906
2006-04-04,1785.2788604779412
2006-04-05,1783.5128286936151
2006-04-06,1786.1041624631687
2006-04-07,1802.0069885903386
2006-04-10,1792.5021209026804
2006-04-11,1791.1796184221066
2006-04-12,1792.2013849931993
2006-04-13,1805.1761787792705
2006-04-14,1787.2704723367035
2006-04-17,1806.1947398684783
2006-04-18,1796.6826733767032
2006-04-19,1793.7554899139852
2006-04-20,1818.0502748617334
2006-04-21,1786.5194910952052
2006-04-24,1793.2243158195463
2006-04-25,1785.7310254398885
2006-04-26,1805.7642305100171
2006-04-27,1812.7901404995844
2006-04-28,1813.0226893009662
2006-05-01,1801.2740294747998
2006-05-02,1780.8969473721452
2006-05-03,1771.790245463944
2006-05-04,1752.6694225734748
2006-05-05,1777.7908327327834
2006-05-08,1756.4563530660953
2006-05-09,1740.558432840176
2006-05-10,1748.922294502682
2006-05-11,1721.5384847786615
2006-05-12,1726.0537116409887
2006-05-15,1713.701692750432
2006-05-16,1713.2980483919794
2006-05-17,1699.9971882653897
2006-05-18,1680.9784754632312
2006-05-19,1686.6554750781177
2006-05-22,1687.6094192178368
2006-05-23,1671.3787582803777
2006-05-24,1670.9221905279544
2006-05-25,1648.6864110848226
2006-05-26,1650.0432833210955
2006-05-29,1638.0688402993894
2006-05-30,1642.2808087602766
2006-05-31,1629.4265255424511
2006-06-01,1635.550599937913
2006-06-02,1639.5524150872484
2006-06-05,1637.0829868998742
2006-06-06,1634.4280368983661
2006-06-07,1624.8070879364739
2006-06-08,1633.693030637706
2006-06-09,1630.1180391879225
2006-06-12,1632.420743989065
2006-06-13,1632.92976098518
2006-06-14,1628.733877371865
2006-06-15,1621.4877913123735
2006-06-16,1632.8012544889318
2006-06-19,1640.6200221250383
2006-06-20,1628.742897540937
2006-06-21,1640.6869044539876
2006-06-22,1656.9150541984486
2006-06-23,1650.4824218388112
2006-06-26,1656.3458781329587
2006-06-27,1646.822864754604
2006-06-28,1653.971120484751
2006-06-29,1639.1807300420219
2006-06-30,1640.5974017725432
2006-07-03,1623.3093854240788
2006-07-04,1655.561720643312
2006-07-05,1658.426339963402
2006-07-06,1641.1500299866009
2006-07-07,1643.5627402493008
2006-07-10,1639.400002074648
2006-07-11,1648.7016442872189
2006-07-12,1654.7591355183108
2006-07-13,1631.1159478547172
2006-07-14,1648.7731402934994
2006-07-17,1643.0790394817602
2006-07-18,1646.2384759540998
2006-07-19,1649.0319264021462
2006-07-20,1643.6584341636703
2006-07-21,1644.3049925588593
2006-07-24,1643.3483211522137
2006-07-25,1653.0391769285081
2006-07-26,1648.4528497199701
2006-07-27,1646.773273699563
2006-07-28,1634.4565060479981
2006-07-31,1641.7464466178917
2006-08-01,1656.3539954263806
2006-08-02,1653.3511465155823
2006-08-03,1662.6093010936802
2006-08-04,1675.9330047019353
2006-08-07,1674.0336681573128
2006-08-08,1670.2986083499552
2006-08-09,1669.390788721076
2006-08-10,1656.4011471204883
2006-08-11,1680.5736367177701
2006-08-14,1683.418109975382
2006-08-15,1693.6532465592609
2006-08-16,1693.2476523094813
2006-08-17,1696.0384848150743
2006-08-18,1687.8269489786785
2006-08-21,1699.183781205806
2006-08-22,1715.525741294776
2006-08-23,1730.4168877441143
2006-08-24,1719.118929900883
2006-08-25,1727.0549422460758
2006-08-28,1736.7424938740817
2006-08-29,1725.7775011394936
2006-08-30,1740.2921811388326
2006-08-31,1734.9724785951555
2006-09-01,1749.3185443762884
2006-09-04,1743.4726046799558
2006-09-05,1745.1210599464885
2006-09-06,1736.0679367238433
2006-09-07,1749.4176875527264
2006-09-08,1761.796989830605
2006-09-11,1735.2006027315167
2006-09-12,1741.393621630399
2006-09-13,1746.7448464813992
2006-09-14,1751.9536874364785
2006-09-15,1740.5762234688336
2006-09-18,1721.0973393412983
2006-09-19,1758.0620699786982
2006-09-20,1753.2042302303455
2006-09-21,1731.7067564654897
2006-09-22,1741.9907850845157
2006-09-25,1761.3701923998494
2006-09-26,1760.6890454701902
2006-09-27,1756.6088962990793
2006-09-28,1747.231703976149
2006-09-29,1749.8657830687084
2006-10-02,1752.863013120712
2006-10-03,1768.8183281281085
2006-10-04,1756.070425494162
2006-10-05,1761.5803914153055
2006-10-06,1782.5915159857764
2006-10-09,1778.1771870200134
2006-10-10,1795.81754647344
2006-10-11,1782.486921030097
2006-10-12,1792.9815064595718
2006-10-13,1790.1727789039533
2006-10-16,1803.5424329699022
2006-10-17,1795.1288526098676
2006-10-18,1809.1134507998568
2006-10-19,1805.5259746967013
2006-10-20,1829.9777369826904
2006-10-23,1835.2813553950277
2006-10-24,1817.9570373228394
2006-10-25,1851.1936867265983
2006-10-26,1867.0771732838446
2006-10-27,1849.61130751918
2006-10-30,1848.3915912261577
2006-10-31,1885.7592136698515
2006-11-01,1846.3998138259606
2006-11-02,1858.0018851363593
2006-11-03,1858.6410133280601
2006-11-06,1868.615612033819
2006-11-07,1858.6277504675288
2006-11-08,1849.8264646110579
2006-11-09,1844.7939551129068
2006-11-10,1849.6030276506872
2006-11-13,1842.6062342555144
2006-11-14,1851.5334711346034
2006-11-15,1845.032477546945
2006-11-16,1835.5980914731579
2006-11-17,1860.1766560747144
2006-11-20,1843.139972470188
2006-11-21,1835.189898055047
2006-11-22,1844.5105011815367
2006-11-23,1845.8578469222261
2006-11-24,1828.2850393455417
2006-11-27,1846.612142647915
2006-11-28,1833.0715914717057
2006-11-29,1857.6422396974733
2006-11-30,1845.8731875037938
2006-12-01,1833.2799670079996
2006-12-04,1826.0360664796713
2006-12-05,1827.8263778012476
2006-12-06,1830.3072880206496
2006-12-07,1820.4236639673024
2006-12-08,1814.6316256735238
2006-12-11,1813.0904381774558
2006-12-12,1803.0673135620386
2006-12-13,1801.4065398235605
2006-12-14,1781.7101908041814
2006-12-15,1805.227029194724
2006-12-18,1795.1607153782302
2006-12-19,1781.577196265877
2006-12-20,1801.455306382448
2006-12-21,1781.3171653936772
2006-12-22,1767.3761293842824
2006-12-25,1780.2198916713112
2006-12-26,1772.2018403514687
2006-12-27,1768.2274056552933
2006-12-28,1757.0701079222242
2006-12-29,1760.8573796855278
2007-01-01,1759.8500815138582
2007-01-02,1772.341413480936
2007-01-03,1755.8317250727118
2007-01-04,1774.1628742785706
2007-01-05,1798.695554624675
2007-01-08,1781.8149252955425
2007-01-09,1788.6100308728517
2007-01-10,1795.3636994814908
2007-01-11,1793.8152325096005
2007-01-12,1790.1902286247494
2007-01-15,1813.4996439680867
2007-01-16,1822.2618929749212
2007-01-17,1825.993609102223
2007-01-18,1830.610590958372
2007-01-19,1837.8139317365165
2007-01-22,1852.3408405649968
2007-01-23,1846.6693781614053
2007-01-24,1848.6380990593573
2007-01-25,1856.892720245078
2007-01-26,1870.4724641366602
2007-01-29,1883.8568970630342
2007-01-30,1870.3537939601688
2007-01-31,1882.790897682291
2007-02-01,1881.5588955416786
2007-02-02,1865.6036151848566
2007-02-05,1871.6335533643664
2007-02-06,1854.2935704344789
2007-02-07,1848.037334174938
2007-02-08,1864.4954066988
2007-02-09,1854.0766549685152
2007-02-12,1856.0833593443047
2007-02-13,1850.614604923516
2007-02-14,1838.3399280263286
2007-02-15,1843.526357604196
2007-02-16,1829.186929582055
2007-02-19,1849.9092303151583
2007-02-20,1821.3035325037067
2007-02-21,1828.554256209633
2007-02-22,1817.4413819484741
2007-02-23,1828.7859555763127
2007-02-26,1817.1973242766442
2007-02-27,1812.137046722646
2007-02-28,1821.2263623496783
2007-03-01,1814.7179994254884
2007-03-02,1820.1021183722999
2007-03-05,1807.4622436558213
2007-03-06,1804.5719175598151
2007-03-07,1819.274764378677
2007-03-08,1816.363301791143
2007-03-09,1825.9289554878967
2007-03-12,1820.4646115408043
2007-03-13,1824.025731625589
2007-03-14,1808.324794984013
2007-03-15,1841.3124122435975
2007-03-16,1823.5568871295418
2007-03-19,1832.3918157990431
2007-03-20,1819.3527489564487
2007-03-21,1830.7737046174082
2007-03-22,1817.0131813749872
2007-03-23,1834.0325872264818
2007-03-26,1827.6073878814577
2007-03-27,1832.1036588737559
2007-03-28,1839.20327584454
2007-03-29,1822.4772232520816
2007-03-30,1828.4706439862905
2007-04-02,1841.9193954634018
2007-04-03,1860.000131228126
2007-04-04,1842.3932110575233
2007-04-05,1852.1058519487597
2007-04-06,1848.6449340046613
2007-04-09,1870.616796586585
2007-04-10,1839.410756740964
2007-04-11,1859.5019791637255
2007-04-12,1846.4976993422677
2007-04-13,1841.2699377109018
2007-04-16,1870.4325477224957
2007-04-17,1871.9799877857693
2007-04-18,1871.0320484227861
2007-04-19,1875.7342797668086
2007-04-20,1908.8862812641835
2007-04-23,1880.3754582749307
2007-04-24,1890.6609689360344
2007-04-25,1882.7678223982034
2007-04-26,1894.7483921187743
2007-04-27,1892.7580223067316
2007-04-30,1894.1840153915023
2007-05-01,1918.4789141461813
2007-05-02,1915.5108081044507
2007-05-03,1908.7251545645129
2007-05-04,1888.533352957061
2007-05-07,1910.219567614526
2007-05-08,1942.713868061158
2007-05-09,1917.732893660673
2007-05-10,1933.6995082974568
2007-05-11,1940.1287410263328
2007-05-14,1931.508127058593
2007-05-15,1924.4213069465538
2007-05-16,1912.1502514636695
2007-05-17,1945.5234770950449
2007-05-18,1934.1547436212124
2007-05-21,1946.9601820216121
2007-05-22,1936.2567631749455
2007-05-23,1949.0355314690062
2007-05-24,1955.1495839081228
2007-05-25,1960.6510647894565
2007-05-28,1950.2961384425182
2007-05-29,1976.196531644132
2007-05-30,1961.7850588099723
2007-05-31,1954.379108148909
2007-06-01,1968.6148281155417
2007-06-04,1968.8361369164923
2007-06-05,1968.887421657873
2007-06-06,1979.509044425839
2007-06-07,1962.6068665750995
2007-06-08,1962.5675191455
2007-06-11,1951.7295842444762
2007-06-12,1969.4154943255785
2007-06-13,1961.9891418347956
2007-06-14,1954.883583592752
2007-06-15,1939.1684838028245
2007-06-18,1970.760811364378
2007-06-19,1943.443748590262
2007-06-20,1948.4873638362683
2007-06-21,1956.5829003900678
2007-06-22,1940.224990231674
2007-06-25,1936.155707444501
2007-06-26,1928.839908649458
2007-06-27,1955.3888138967966
2007-06-28,1941.879239658359
2007-06-29,1974.4924843632693
2007-07-02,1940.5505397554773
2007-07-03,1945.487834175842
2007-07-04,1953.2105654511797
2007-07-05,1965.3987189028592
2007-07-06,1962.6609595669117
2007-07-09,1977.6054076893931
2007-07-10,1966.1937296136305
2007-07-11,1966.4843388083546
2007-07-12,1966.6317541427015
2007-07-13,1966.6836157742723
2007-07-16,1987.9617751799735
2007-07-17,1994.4579725626272
2007-07-18,1995.492616446896
2007-07-19,2018.6433510019588
2007-07-20,2022.8836459401866
2007-07-23,2011.5428517354715
2007-07-24,2001.1902488847916
2007-07-25,2017.9646904664678
2007-07-26,2022.022257447722
2007-07-27,2025.842019855982
2007-07-30,2029.8392169949482
2007-07-31,2034.7101695696258
2007-08-01,2034.9796426409614
2007-08-02,2029.9922431398156
2007-08-03,2036.128378864638
2007-08-06,2035.2194411601245
2007-08-07,2019.8720040716485
2007-08-08,2039.5461923556734
2007-08-09,2014.3047485805912
2007-08-10,2005.4308038406175
2007-08-13,2023.193538987489
2007-08-14,2008.6725296099419
2007-08-15,2017.7216893990599
2007-08-16,1987.8765851843718
2007-08-17,2023.6254343669498
2007-08-20,2013.9595121148434
2007-08-21,1989.7530536976788
2007-08-22,1987.5727931610143
2007-08-23,2016.6877929211098
2007-08-24,1990.19081819323
2007-08-27,1986.8270766069895
2007-08-28,1970.1663602383887
2007-08-29,1986.8527132562128
2007-08-30,1985.6818639078597
2007-08-31,1992.6532365914538
2007-09-03,1976.8093423669357
2007-09-04,1980.762212882026
2007-09-05,2005.6588215436152
2007-09-06,2016.4720357617446
2007-09-07,1995.8096054100965
2007-09-10,2027.7720753757847
2007-09-11,2022.5124032511435
2007-09-12,2038.481389311027
2007-09-13,2031.9946409969218
2007-09-14,2012.3145764928956
2007-09-17,2041.7865308474015
2007-09-18,2059.5348224105737
2007-09-19,2044.84665414966
2007-09-20,2055.394826872508
2007-09-21,2062.9494590261816
2007-09-24,2040.1477403296137
2007-09-25,2092.911270484405
2007-09-26,2071.607949418541
2007-09-27,2091.69714126227
2007-09-28,2090.963162471628
2007-10-01,2111.258067509946
2007-10-02,2108.5510909680343
2007-10-03,2108.0317465006274
2007-10-04,2107.304446561944
2007-10-05,2131.4994934695233
2007-10-08,2109.371945863226
2007-10-09,2142.5207371163315
2007-10-10,2130.1781688427154
2007-10-11,2161.743557302912
2007-10-12,2156.3922572239417
2007-10-15,2167.9955802075788
2007-10-16,2168.324308300548
2007-10-17,2154.8077412567545
2007-10-18,2170.909637651471
2007-10-19,2194.1016870434705
2007-10-22,2195.0537474604166
2007-10-23,2212.710830396337
2007-10-24,2210.6848243745308
2007-10-25,2202.0747218684232
2007-10-26,2210.4898368561144
2007-10-29,2227.0415696383625
2007-10-30,2206.6579329785473
2007-10-31,2257.835018630493
2007-11-01,2233.1952403013565
2007-11-02,2231.104245400777
2007-11-05,2189.3373155356235
2007-11-06,2209.7733774447897
2007-11-07,2209.8734174410342
2007-11-08,2160.557599405813
2007-11-09,2172.7536560139433
2007-11-12,2153.952215921609
2007-11-13,2126.9729336433816
2007-11-14,2138.41830175604
2007-11-15,2131.695166174636
2007-11-16,2106.233136955428
2007-11-19,2114.624022724202
2007-11-20,2074.7667579908816
2007-11-21,2066.525584167185
2007-11-22,2073.434568688545
2007-11-23,2062.2625687229943
2007-11-26,2044.6785737101202
2007-11-27,2050.3752160564445
2007-11-28,2037.629388775668
2007-11-29,2031.086223429194
2007-11-30,2011.390859580584
2007-12-03,2022.023757050502
2007-12-04,2014.7758208905711
2007-12-05,2043.3764659844373
2007-12-06,2017.7116344322355
2007-12-07,2050.6455833231353
2007-12-10,2032.9862902472091
2007-12-11,2021.9820158782777
2007-12-12,2053.292949453652
2007-12-13,2043.992895142545
2007-12-14,2054.7838339137884
2007-12-17,2061.992746024651
2007-12-18,2056.3010463434666
2007-12-19,2050.129547164607
2007-12-20,2069.658175569507
2007-12-21,2063.0154167112582
2007-12-24,2073.4969414650254
2007-12-25,2047.530069017276
2007-12-26,2077.8669555325564
2007-12-27,2070.0227276382025
2007-12-28,2097.27391401198
2007-12-31,2090.001043601002
2008-01-01,2073.6645277578973
2008-01-02,2063.9305061216705
2008-01-03,2036.5224580655106
2008-01-04,2051.1419976944926
2008-01-07,2042.7268358423958
2008-01-08,2014.5693175395647
2008-01-09,2014.6151104623818
2008-01-10,1981.2393906533575
2008-01-11,1967.263860348973
2008-01-14,1963.8495672217975
2008-01-15,1956.0735179888336
2008-01-16,1936.456468661474
2008-01-17,1933.983088833976
2008-01-18,1920.3203081815284
2008-01-21,1896.5225922818236
2008-01-22,1899.6723771294642
2008-01-23,1891.6774636720322
2008-01-24,1874.0041876980897
2008-01-25,1872.045979604145
2008-01-28,1839.0413424273981
2008-01-29,1843.6584204382464
2008-01-30,1817.7710707365402
2008-01-31,1807.5249500960388
2008-02-01,1811.670671980542
2008-02-04,1808.5985784711734
2008-02-05,1811.9336579429141
2008-02-06,1814.720813612923
2008-02-07,1824.0232188713007
2008-02-08,1813.2578132967412
2008-02-11,1801.5314563078425
2008-02-12,1826.0325623249435
2008-02-13,1807.8383540160771
2008-02-14,1814.6580836482092
2008-02-15,1818.997510109827
2008-02-18,1816.5107972297615
2008-02-19,1824.3806769803086
2008-02-20,1818.5534279078088
2008-02-21,1806.1508715240975
2008-02-22,1833.473720099808
2008-02-25,1815.2338177226611
2008-02-26,1811.890439217813
2008-02-27,1821.7186882154663
2008-02-28,1814.9963245720328
2008-02-29,1816.1079855371033
2008-03-03,1832.9739302026694
2008-03-04,1805.8538092927586
2008-03-05,1803.4008163512883
2008-03-06,1805.2539050948685
2008-03-07,1811.7913278691415
2008-03-10,1786.5132424233707
2008-03-11,1780.3408561254741
2008-03-12,1790.6802390572527
2008-03-13,1779.2403938475613
2008-03-14,1788.035471645885
2008-03-17,1794.2866128008286
2008-03-18,1779.7781249099003
2008-03-19,1772.953732183799
2008-03-20,1784.266654979793
2008-03-21,1789.289378764902
2008-03-24,1764.484099249221
2008-03-25,1784.8178137849943
2008-03-26,1782.748024259298
2008-03-27,1781.9194410886248
2008-03-28,1782.220732862525
2008-03-31,1788.881217191464
2008-04-01,1771.7754656428892
2008-04-02,1781.4641094945082
2008-04-03,1782.3400961482726
2008-04-04,1791.6645099767488
2008-04-07,1811.0268684007704
2008-04-08,1790.7504100651895
2008-04-09,1800.7291628268704
2008-04-10,1826.6655371080956
2008-04-11,1829.1306188493957
2008-04-14,1822.2279958624592
2008-04-15,1839.077005296914
2008-04-16,1840.1170904059052
2008-04-17,1856.5531635744528
2008-04-18,1849.183895973067
2008-04-21,1863.787401996604
2008-04-22,1884.651341622077
2008-04-23,1871.4789067421525
2008-04-24,1872.1981609198263
2008-04-25,1884.3746525405477
2008-04-28,1880.0265305007024
2008-04-29,1911.9176751204002
2008-04-30,1896.9764161780695
2008-05-01,1896.7927972575837
2008-05-02,1895.5548763169038
2008-05-05,1918.1068061015378
2008-05-06,1920.0723476714306
2008-05-07,1911.169162761091
2008-05-08,1925.6275417764712
2008-05-09,1909.7477730631424
2008-05-12,1930.2233502455106
2008-05-13,1937.001711488195
2008-05-14,1953.3565706795098
2008-05-15,1933.5467321312851
2008-05-16,1932.8082790301057
2008-05-19,1940.7370941708818
2008-05-20,1940.641356068941
2008-05-21,1971.0247558364367
2008-05-22,1977.3837957898975
2008-05-23,1969.5987364774776
2008-05-26,1982.753800257896
2008-05-27,1976.3211215431181
2008-05-28,1978.3449403405823
2008-05-29,1980.2803987095165
2008-05-30,1984.804884260752
2008-06-02,1961.8557562011529
2008-06-03,1969.080189784905
2008-06-04,1955.470066313112
2008-06-05,1952.5541736322498
2008-06-06,1935.7060706073848
2008-06-09,1922.7894510871183
2008-06-10,1905.6278125214558
2008-06-11,1904.3178683068609
2008-06-12,1900.3417409858673
2008-06-13,1872.3651535904592
2008-06-16,1873.7822184851468
2008-06-17,1865.0211667464407
2008-06-18,1846.1405222611847
2008-06-19,1837.3725789949337
2008-06-20,1834.9528363208917
2008-06-23,1812.612797896453
2008-06-24,1816.2734140574937
2008-06-25,1795.2388715020018
2008-06-26,1803.1069920760167
2008-06-27,1804.7437389370784
2008-06-30,1766.623968185062
2008-07-01,1778.3522120411467
2008-07-02,1766.5274113928083
2008-07-03,1781.549701507035
2008-07-04,1760.47250651969
2008-07-07,1775.29211424636
2008-07-08,1762.6647550520122
2008-07-09,1767.9170903501058
2008-07-10,1759.985141086389
2008-07-11,1775.7332700393986
2008-07-14,1760.4205709799794
2008-07-15,1772.0529677070822
2008-07-16,1763.49396818072
2008-07-17,1764.8801695096831
2008-07-18,1766.5528882054166
2008-07-21,1757.885247307212
2008-07-22,1765.8205811653695
2008-07-23,1776.8161168868799
2008-07-24,1755.8248640456013
2008-07-25,1772.3654524761798
2008-07-28,1774.5945738072428
2008-07-29,1753.5750484021532
2008-07-30,1747.3146872205855
2008-07-31,1762.1364708231708
2008-08-01,1759.4282511411318
2008-08-04,1785.5753843619689
2008-08-05,1774.158929707439
2008-08-06,1771.5320926620045
2008-08-07,1773.2657299845714
2008-08-08,1798.083382859089
2008-08-11,1788.0720152542322
2008-08-12,1798.4558884098149
2008-08-13,1811.5599877146226
2008-08-14,1803.4614854635506
2008-08-15,1812.3308899028418
2008-08-18,1817.518309856217
2008-08-19,1828.8311144183263
2008-08-20,1832.9505201955062
2008-08-21,1830.4975408175987
2008-08-22,1838.0745027579226
2008-08-25,1839.0536459209543
2008-08-26,1833.831750847362
2008-08-27,1854.883096733756
2008-08-28,1875.1006920722457
2008-08-29,1854.3400562006152
2008-09-01,1839.0823354783734
2008-09-02,1822.042837965482
2008-09-03,1820.5159773923033
2008-09-04,1802.051196190123
2008-09-05,1780.8214551901176
2008-09-08,1758.4789277310886
2008-09-09,1751.8874136052232
2008-09-10,1722.1270423991302
2008-09-11,1721.7014662929462
2008-09-12,1712.7947706703178
2008-09-15,1679.8167387099325
2008-09-16,1662.7125740891822
2008-09-17,1673.9577265657715
2008-09-18,1641.2254076886343
2008-09-19,1641.0764827339258
2008-09-22,1616.2369272432502
2008-09-23,1601.9839744170383
2008-09-24,1592.6904788222944
2008-09-25,1568.2923543912011
2008-09-26,1562.46001568113
2008-09-29,1544.7654352419183
2008-09-30,1524.0009569683448
2008-10-01,1522.212279366632
2008-10-02,1503.3209374356477
2008-10-03,1489.9221695388203
2008-10-06,1468.0799948919762
2008-10-07,1474.7159695788057
2008-10-08,1455.615998577882
2008-10-09,1442.5028189546995
2008-10-10,1419.8587236726657
2008-10-13,1396.4280036939367
2008-10-14,1408.934252272824
2008-10-15,1381.7158601949288
2008-10-16,1363.9650050257558
2008-10-17,1358.9930999282926
2008-10-20,1351.2041414429025
2008-10-21,1330.5302401641316
2008-10-22,1326.5487136472655
2008-10-23,1312.7494713555004
2008-10-24,1286.3930660570304
2008-10-27,1276.828567606688
2008-10-28,1275.1266558788957
2008-10-29,1240.0214268705572
2008-10-30,1244.2740568961942
2008-10-31,1224.6257062717807
2008-11-03,1228.9162538827823
2008-11-04,1228.4168898795679
2008-11-05,1226.4598226683422
2008-11-06,1223.6799934157107
2008-11-07,1218.7554194744482
2008-11-10,1237.9150843327266
2008-11-11,1233.7167395114398
2008-11-12,1213.6268448240162
2008-11-13,1228.7816873948161
2008-11-14,1215.1257560685688
2008-11-17,1216.7651316652195
2008-11-18,1214.0195968622766
2008-11-19,1208.8291379019324
2008-11-20,1217.216642895689
2008-11-21,1210.4497960527683
2008-11-24,1205.2419866404177
2008-11-25,1198.6846482679098
2008-11-26,1199.6073984173145
2008-11-27,1193.5531954841067
2008-11-28,1201.9434555806686
2008-12-01,1195.0998545334983
2008-12-02,1201.1203207284382
2008-12-03,1211.383291394468
2008-12-04,1210.7823570209375
2008-12-05,1203.7950445032263
2008-12-08,1203.8892377068978
2008-12-09,1216.1628583488462
2008-12-10,1208.4009927155503
2008-12-11,1203.7113591249192
2008-12-12,1197.5127456566697
2008-12-15,1208.9136170566665
2008-12-16,1211.9675336191747
2008-12-17,1203.5748427042822
2008-12-18,1209.5721945680325
2008-12-19,1206.0428496299062
2008-12-22,1207.5529155889242
2008-12-23,1194.0510324002948
2008-12-24,1208.1759234049086
2008-12-25,1215.807841924004
2008-12-26,1206.5486953150564
2008-12-29,1211.1144089353147
2008-12-30,1206.645007513901
2008-12-31,1213.8336457854014
2009-01-01,1209.7128134103032
2009-01-02,1204.7138171320921
2009-01-05,1217.8330536315134
2009-01-06,1214.76356855985
2009-01-07,1204.8674522017418
2009-01-08,1210.9045610973244
2009-01-09,1210.5180168043962
2009-01-12,1210.5253120194445
2009-01-13,1195.8100299490661
2009-01-14,1211.4702463682688
2009-01-15,1201.3487156105025
2009-01-16,1202.0035569057775
2009-01-19,1219.4096469817719
2009-01-20,1204.7294408977168
2009-01-21,1199.9698417223685
2009-01-22,1188.4207363746953
2009-01-23,1209.3958517617373
2009-01-26,1192.3551898741587
2009-01-27,1193.7893458308015
2009-01-28,1197.2022568535133
2009-01-29,1207.0576922501552
2009-01-30,1202.581514210131
2009-02-02,1190.6581434607067
2009-02-03,1187.107814709887
2009-02-04,1175.457198244824
2009-02-05,1173.5643812141961
2009-02-06,1166.9554077968069
2009-02-09,1165.963324569657
2009-02-10,1159.77226821909
2009-02-11,1150.9068816549282
2009-02-12,1139.9152916995222
2009-02-13,1140.14282228798
2009-02-16,1129.3873211325251
2009-02-17,1117.8362935127695
2009-02-18,1115.702967496838
2009-02-19,1112.4998978284782
2009-02-20,1111.1680997937576
2009-02-23,1099.2596859230684
2009-02-24,1087.8188218183811
2009-02-25,1088.9419924858485
2009-02-26,1083.475553746812
2009-02-27,1078.1208471342188
2009-03-02,1087.1305574933754
2009-03-03,1092.749134032834
2009-03-04,1089.0454587132197
2009-03-05,1094.0141897490823
2009-03-06,1096.7888296070953
2009-03-09,1111.5454033526423
2009-03-10,1120.9128362611737
2009-03-11,1116.2901590637762
2009-03-12,1121.920201361485
2009-03-13,1136.80170634359
2009-03-16,1136.6647674401192
2009-03-17,1141.5815422804903
2009-03-18,1137.6053891848624
2009-03-19,1153.6696681344943
2009-03-20,1149.7741822993503
2009-03-23,1153.9581622744754
2009-03-24,1163.9400804441516
2009-03-25,1167.9791761559036
2009-03-26,1175.5801705004728
2009-03-27,1173.86473237918
2009-03-30,1193.6038718468076
2009-03-31,1200.1892424252683
2009-04-01,1188.1109380646883
2009-04-02,1212.0604408719046
2009-04-03,1207.6458531579055
2009-04-06,1224.217496166129
2009-04-07,1225.043333937945
2009-04-08,1232.1427760669462
2009-04-09,1237.3566066745034
2009-04-10,1252.6207767138621
2009-04-13,1243.923837013129
2009-04-14,1262.147909109562
2009-04-15,1271.96669695198
2009-04-16,1276.2682769369721
2009-04-17,1293.3217930910703
2009-04-20,1281.8464987857778
2009-04-21,1298.2501633450786
2009-04-22,1298.232861019723
2009-04-23,1313.8674760088577
2009-04-24,1312.6931851363217
2009-04-27,1317.1501806494102
2009-04-28,1335.37641740417
2009-04-29,1330.4744641660668
2009-04-30,1331.358874603467
2009-05-01,1342.3476715204538
2009-05-04,1355.0208848277218
2009-05-05,1365.309844271825
2009-05-06,1361.6805466380724
2009-05-07,1374.9980720373667
2009-05-08,1361.7733177155858
2009-05-11,1373.1424190994542
2009-05-12,1379.3267779478788
2009-05-13,1385.6721422110036
2009-05-14,1392.2170782476333
2009-05-15,1401.6421920507764
2009-05-18,1398.9028625384733
2009-05-19,1408.2228249051452
2009-05-20,1412.16895509982
2009-05-21,1411.18680862555
2009-05-22,1422.223640760467
2009-05-25,1427.3082946421796
2009-05-26,1432.4725397303923
2009-05-27,1439.2258388086932
2009-05-28,1444.9051761202916
2009-05-29,1446.6064219352043
2009-06-01,1458.7419381340626
2009-06-02,1440.8210672522125
2009-06-03,1443.8498824872133
2009-06-04,1468.9902753313945
2009-06-05,1441.111139490624
2009-06-08,1438.6035168131514
2009-06-09,1453.503780353979
2009-06-10,1432.9255812508377
2009-06-11,1446.0385681668065
2009-06-12,1463.0503983779151
2009-06-15,1436.11803029056
2009-06-16,1432.7358745145877
2009-06-17,1436.0088906308463
2009-06-18,1453.1306233131381
2009-06-19,1454.5453895937176
2009-06-22,1442.4827755586055
2009-06-23,1450.9071616539163
2009-06-24,1455.7958300219454
2009-06-25,1458.4427510724593
2009-06-26,1443.5228111921074
2009-06-29,1428.4523908336687
2009-06-30,1438.9297244008358
2009-07-01,1448.2542599201302
2009-07-02,1455.9846154922645
2009-07-03,1463.0465218003933
2009-07-06,1479.230889594237
2009-07-07,1487.0258776749472
2009-07-08,1482.9749176813991
2009-07-09,1499.106142196329
2009-07-10,1500.293989014298
2009-07-13,1504.8294843211102
2009-07-14,1517.9524221265149
2009-07-15,1518.4404595146805
2009-07-16,1540.3995427510642
2009-07-17,1520.5468524780943
2009-07-20,1534.4801355267434
2009-07-21,1544.377282050298
2009-07-22,1555.7086505853865
2009-07-23,1569.157491486072
2009-07-24,1566.0864456259806
2009-07-27,1562.126427278992
2009-07-28,1587.0405689691609
2009-07-29,1593.4758713646993
2009-07-30,1579.1331108545971
2009-07-31,1601.7495330738436
2009-08-03,1593.2045262916045
2009-08-04,1604.826249839782
2009-08-05,1607.1049750980008
2009-08-06,1625.1680375141448
2009-08-07,1623.8038076542741
2009-08-10,1616.6451869797957
2009-08-11,1638.5421224441775
2009-08-12,1623.9082714144993
2009-08-13,1642.6227503022378
2009-08-14,1637.5169221627143
2009-08-17,1645.4990453709481
2009-08-18,1656.996018650513
2009-08-19,1661.4760537635048
2009-08-20,1672.6003816836
2009-08-21,1665.1579157554404
2009-08-24,1672.7630580142759
2009-08-25,1670.9110307829908
2009-08-26,1680.4876397861779
2009-08-27,1687.0541203377738
2009-08-28,1686.9321465529185
2009-08-31,1676.9186475291413
2009-09-01,1697.1887876360263
2009-09-02,1699.676604441396
2009-09-03,1693.01302330462
2009-09-04,1690.075869915456
2009-09-07,1715.7803195391239
2009-09-08,1709.6172124410473
2009-09-09,1705.688471422261
2009-09-10,1700.144260857086
2009-09-11,1705.0536227340692
2009-09-14,1725.480463575017
2009-09-15,1717.7261093540553
2009-09-16,1714.0451967866115
2009-09-17,1725.3979712824705
2009-09-18,1716.2330987417963
2009-09-21,1738.4396182807213
2009-09-22,1739.4214839751764
2009-09-23,1725.9460917725
2009-09-24,1726.7866606522723
2009-09-25,1711.778801459751
2009-09-28,1723.8743672530854
2009-09-29,1727.3518366657906
2009-09-30,1742.437007665738
2009-10-01,1738.7882862918864
2009-10-02,1730.280570687774
2009-10-05,1739.9183099579293
2009-10-06,1747.140526800653
2009-10-07,1747.7070692499938
2009-10-08,1726.9160863486818
2009-10-09,1742.7275244569842
2009-10-12,1732.1513855286419
2009-10-13,1752.4511256789026
2009-10-14,1751.7967962554844
2009-10-15,1737.4885065146236
2009-10-16,1739.0088858659394
2009-10-19,1742.0383985187843
2009-10-20,1726.7638135472341
2009-10-21,1749.740236746723
2009-10-22,1744.7926961113776
2009-10-23,1756.0237961212372
2009-10-26,1738.3175331494983
2009-10-27,1742.8757378809685
2009-10-28,1735.486439777702
2009-10-29,1740.2465083359923
2009-10-30,1739.0612034803912
2009-11-02,1761.9331121041184
2009-11-03,1750.8787785657119
2009-11-04,1761.925259283792
2009-11-05,1761.2996512332124
2009-11-06,1757.26958742317
2009-11-09,1770.847272539788
2009-11-10,1781.5115620358454
2009-11-11,1769.3022085587422
2009-11-12,1791.1375608966248
2009-11-13,1780.2023760047564
2009-11-16,1787.3571049909815
2009-11-17,1800.3425934402803
2009-11-18,1793.5117397867066
2009-11-19,1803.7310023948655
2009-11-20,1804.4682181140722
2009-11-23,1812.411792216062
2009-11-24,1793.5697022226102
2009-11-25,1802.4803050975952
2009-11-26,1828.6910945637073
2009-11-27,1836.5137073903775
2009-11-30,1822.6744487048336
2009-12-01,1830.0386297732493
2009-12-02,1836.2412979939375
2009-12-03,1841.165008821925
2009-12-04,1817.457486214394
2009-12-07,1829.2002698558917
2009-12-08,1835.5512742070669
2009-12-09,1846.346663322237
2009-12-10,1864.14849789395
2009-12-11,1840.3194422532467
2009-12-14,1830.7218305387123
2009-12-15,1848.6758693184618
2009-12-16,1858.433285535911
2009-12-17,1848.511483485476
2009-12-18,1840.4083442375463
2009-12-21,1858.9276550250981
2009-12-22,1857.485570874953
2009-12-23,1843.116923098699
2009-12-24,1857.4364335581784
2009-12-25,1864.4314169273507
2009-12-28,1867.4324991076405
2009-12-29,1857.1264424714327
2009-12-30,1855.697995597224
2009-12-31,1871.7255488197807
2010-01-01,1844.810033614973
2010-01-04,1855.8416993491198
2010-01-05,1834.875244489482
2010-01-06,1853.1099670044941
2010-01-07,1836.6877953625908
2010-01-08,1846.4781741493068
2010-01-11,1835.126932958736
2010-01-12,1815.2570314629622
2010-01-13,1835.2160161510633
2010-01-14,1832.1551631954553
2010-01-15,1821.883287776033
2010-01-18,1802.8272960868126
2010-01-19,1802.802630222705
2010-01-20,1802.731357926807
2010-01-21,1790.9633492459284
2010-01-22,1808.3356655112393
2010-01-25,1790.3381115385275
2010-01-26,1760.8146085364115
2010-01-27,1783.8664358410083
2010-01-28,1773.664721328265
2010-01-29,1772.0158959625
2010-02-01,1771.680710857383
2010-02-02,1784.3986752524272
2010-02-03,1789.467549546762
2010-02-04,1784.3076672525642
2010-02-05,1781.0429833399178
2010-02-08,1785.9872607768716
2010-02-09,1788.8214087874412
2010-02-10,1783.7531937413964
2010-02-11,1798.4250046348084
2010-02-12,1799.6628011687737
2010-02-15,1811.6813957545837
2010-02-16,1811.4374844708063
2010-02-17,1796.266322177887
2010-02-18,1812.158245325381
2010-02-19,1798.4770925120445
2010-02-22,1815.6815306635522
2010-02-23,1807.024888190696
2010-02-24,1804.7457451625162
2010-02-25,1818.8952088368421
2010-02-26,1794.3590912768434
2010-03-01,1808.17570200217
2010-03-02,1828.0044591712185
2010-03-03,1835.8834155992856
2010-03-04,1837.2433475704377
2010-03-05,1831.5945758963421
2010-03-08,1844.1501114613225
2010-03-09,1860.920780410605
2010-03-10,1868.2886657800566
2010-03-11,1868.316870178081
2010-03-12,1884.9239611112816
2010-03-15,1883.4512992695766
2010-03-16,1878.319510314112
2010-03-17,1888.3797486436922
2010-03-18,1883.411075596375
2010-03-19,1901.387041533369
2010-03-22,1918.7433849331471
2010-03-23,1920.425697695093
2010-03-24,1933.076503968364
2010-03-25,1922.4732612814698
2010-03-26,1944.173477998097
2010-03-29,1935.1075420447683
2010-03-30,1957.0960745559078
2010-03-31,1948.4270453383226
2010-04-01,1958.413229663894
2010-04-02,1968.8037023293057
2010-04-05,1955.376885242406
2010-04-06,1962.2953133165975
2010-04-07,1975.6947611989942
2010-04-08,1964.6305097971012
2010-04-09,1955.832663343069
2010-04-12,1992.86514956485
2010-04-13,1970.0062426865893
2010-04-14,1979.1247827405455
2010-04-15,1991.9172191829873
2010-04-16,1977.354929305263
2010-04-19,1976.3032232753146
2010-04-20,1991.7645587913928
2010-04-21,1974.312466446126
2010-04-22,1992.2375833097822
2010-04-23,2000.4984761925682
2010-04-26,1998.2948240394642
2010-04-27,1988.4802813280414
2010-04-28,2022.895906940841
2010-04-29,2010.8978718915698
2010-04-30,2027.2232580283664
2010-05-03,2002.1363435981905
2010-05-04,1987.9125661060314
2010-05-05,1991.36230597576
2010-05-06,1978.5683907403572
2010-05-07,1961.1400008220967
2010-05-10,1979.280286720306
2010-05-11,1950.8674536881417
2010-05-12,1931.1689305699408
2010-05-13,1954.173557737994
2010-05-14,1928.616498232959
2010-05-17,1919.880450242282
2010-05-18,1901.075207972141
2010-05-19,1926.9373489484822
2010-05-20,1890.375799801863
2010-05-21,1895.5617122888852
2010-05-24,1896.0159492197215
2010-05-25,1883.7934642189402
2010-05-26,1871.7277761720597
2010-05-27,1848.9069352738716
2010-05-28,1849.770530798889
2010-05-31,1858.0856370555287
2010-06-01,1848.0929436148426
2010-06-02,1856.3346333965494
2010-06-03,1859.8210794985048
2010-06-04,1861.472931921034
2010-06-07,1840.2603702655294
2010-06-08,1870.9941505462386
2010-06-09,1856.8218698342357
2010-06-10,1848.7642886344763
2010-06-11,1857.9034336539562
2010-06-14,1868.7376454802543
2010-06-15,1832.6731430913571
2010-06-16,1842.932438084709
2010-06-17,1822.1393263784096
2010-06-18,1844.9039706587155
2010-06-21,1845.5539405132922
2010-06-22,1840.8880117639872
2010-06-23,1834.2865383654241
2010-06-24,1820.5213679131498
2010-06-25,1841.8657014140765
2010-06-28,1850.8660307964471
2010-06-29,1831.1296998994746
2010-06-30,1839.658914034568
2010-07-01,1827.0842778235683
2010-07-02,1851.668660618941
2010-07-05,1849.7410097830611
2010-07-06,1852.258743263909
2010-07-07,1858.234559469102
2010-07-08,1867.6419946917233
2010-07-09,1880.9326335895942
2010-07-12,1871.0236546838128
2010-07-13,1885.6852830273176
2010-07-14,1895.1200705635
2010-07-15,1891.159165969516
2010-07-16,1924.8619494245809
2010-07-19,1905.6919167035692
2010-07-20,1913.587383361944
2010-07-21,1916.7665465067578
2010-07-22,1949.759742509878
2010-07-23,1943.956610872126
2010-07-26,1935.7240507543368
2010-07-27,1961.8777443301888
2010-07-28,1959.3246520725338
2010-07-29,1966.1808903396511
2010-07-30,1966.5769511653696
2010-08-02,1959.691919131722
2010-08-03,1967.4767436987547
2010-08-04,1955.91555513934
2010-08-05,1976.1557252755338
2010-08-06,1943.0658024960965
2010-08-09,1967.5876187643191
2010-08-10,1948.6233087499893
2010-08-11,1949.742414944065
2010-08-12,1952.0559952408726
2010-08-13,1934.9720771996801
2010-08-16,1946.5997462496514
2010-08-17,1909.163311294684
2010-08-18,1925.5505294816342
2010-08-19,1920.7397897220021
2010-08-20,1914.7312369824206
2010-08-23,1921.8960950862775
2010-08-24,1924.8298476696905
2010-08-25,1925.0287524796368
2010-08-26,1917.7651058681897
2010-08-27,1906.2651387734722
2010-08-30,1913.332305547388
2010-08-31,1908.1750578861174
2010-09-01,1924.9127845054695
2010-09-02,1932.4210948084617
2010-09-03,1934.2779370211483
2010-09-06,1934.3485120629302
2010-09-07,1945.8172429529227
2010-09-08,1955.966881221232
2010-09-09,1967.4632273547688
2010-09-10,1982.477164861248
2010-09-13,1996.2342083178428
2010-09-14,1997.9518978843696
2010-09-15,2008.0097681718078
2010-09-16,2018.7226007474226
2010-09-17,2021.522653085183
2010-09-20,2026.8470157784702
2010-09-21,2027.8748425801882
2010-09-22,2048.294956652545
2010-09-23,2069.977355815697
2010-09-24,2067.4980437427876
2010-09-27,2082.0550726475813
2010-09-28,2099.2073483125423
2010-09-29,2109.636501150834
2010-09-30,2102.629121846035
2010-10-01,2128.8090450590425
2010-10-04,2134.430083308868
2010-10-05,2114.6777790713954
2010-10-06,2122.1484496167373
2010-10-07,2147.8845896689436
2010-10-08,2137.8487969560183
2010-10-11,2119.8867198026355
2010-10-12,2132.9149247491423
2010-10-13,2149.5400909628916
2010-10-14,2143.9679967634265
2010-10-15,2156.3354173470516
2010-10-18,2165.4548041407475
2010-10-19,2185.2758929148918
2010-10-20,2170.5770556726093
2010-10-21,2189.7420072668065
2010-10-22,2197.988722892011
2010-10-25,2202.42548264432
2010-10-26,2194.216466538871
2010-10-27,2173.907597576207
2010-10-28,2204.8989329915207
2010-10-29,2215.764467583588
2010-11-01,2199.250339636371
2010-11-02,2215.2380222891056
2010-11-03,2201.4528142164645
2010-11-04,2194.200393599396
2010-11-05,2195.8085929052536
2010-11-08,2183.548734204857
2010-11-09,2148.7716822192465
2010-11-10,2166.4561709542545
2010-11-11,2180.8448317580646
2010-11-12,2155.1299191053236
2010-11-15,2157.4607474351774
2010-11-16,2144.62531631527
2010-11-17,2171.1035792811654
2010-11-18,2165.9967445695747
2010-11-19,2134.4990619740192
2010-11-22,2141.5934238559344
2010-11-23,2128.8000178003163
2010-11-24,2138.6815135023194
2010-11-25,2133.6144980517843
2010-11-26,2132.8847939719144
2010-11-29,2123.861993327344
2010-11-30,2147.4929087869336
2010-12-01,2109.84216595154
2010-12-02,2106.8870305908004
2010-12-03,2125.207070989174
2010-12-06,2117.002344363433
2010-12-07,2122.122884061453
2010-12-08,2131.707710602984
2010-12-09,2136.9001437670877
2010-12-10,2140.905016510111
2010-12-13,2161.140762869564
2010-12-14,2154.480490899851
2010-12-15,2162.4051715833975
2010-12-16,2178.454299477924
2010-12-17,2164.849243117863
2010-12-20,2174.7232157337457
2010-12-21,2186.03071635175
2010-12-22,2165.2597930080724
2010-12-23,2164.8146163361607
2010-12-24,2199.20366222276
2010-12-27,2205.2890517905016
2010-12-28,2227.110594772778
2010-12-29,2210.5963377359626
2010-12-30,2222.422421538647
2010-12-31,2215.692345213482
2011-01-03,2226.040709920423
2011-01-04,2246.1956851944374
2011-01-05,2208.8151313460958
2011-01-06,2242.061325626314
2011-01-07,2266.298309710555
2011-01-10,2250.4549407243157
2011-01-11,2270.815348151753
2011-01-12,2250.079786418988
2011-01-13,2261.7824272512207
2011-01-14,2267.4997391909574
2011-01-17,2246.912461930353
2011-01-18,2263.801878414583
2011-01-19,2269.5939348781403
2011-01-20,2296.529451429335
2011-01-21,2302.153914382039
2011-01-24,2300.9210437160073
2011-01-25,2311.7375200948586
2011-01-26,2305.4203486735832
2011-01-27,2326.284876063706
2011-01-28,2317.5753496981256
2011-01-31,2323.241966503159
2011-02-01,2323.984742837095
2011-02-02,2339.568048918591
2011-02-03,2331.191433331052
2011-02-04,2352.0699322723362
2011-02-07,2331.9071331901528
2011-02-08,2336.8206986533896
2011-02-09,2362.3811931601717
2011-02-10,2357.8114085465622
2011-02-11,2358.067413161889
2011-02-14,2378.5537403930825
2011-02-15,2365.404581908441
2011-02-16,2374.831018155164
2011-02-17,2398.485175153894
2011-02-18,2404.8069257085644
2011-02-21,2409.869036287312
2011-02-22,2392.3288871617233
2011-02-23,2415.1258400359966
2011-02-24,2393.5998990371604
2011-02-25,2398.749319958165
2011-02-28,2385.9758845610827
2011-03-01,2432.255171604963
2011-03-02,2399.401420327478
2011-03-03,2406.0223806985477
2011-03-04,2394.333725993637
2011-03-07,2411.3723793995646
2011-03-08,2396.251236297634
2011-03-09,2382.8547267286635
2011-03-10,2401.539041073217
2011-03-11,2376.8324078362275
2011-03-14,2381.728673339473
2011-03-15,2364.3219481415945
2011-03-16,2370.250330384051
2011-03-17,2387.1311916564905
2011-03-18,2359.354455303514
2011-03-21,2362.8894826264
2011-03-22,2378.25231696453
2011-03-23,2369.5859484356533
2011-03-24,2397.453433744794
2011-03-25,2393.3238288801567
2011-03-28,2359.0655725249817
2011-03-29,2373.713711092916
2011-03-30,2373.7536487953143
2011-03-31,2355.6117731325576
2011-04-01,2346.965035359594
2011-04-04,2366.4804768526033
2011-04-05,2366.559475318915
2011-04-06,2365.4235440377156
2011-04-07,2377.8195822511584
2011-04-08,2365.644646065258
2011-04-11,2362.8561544399536
2011-04-12,2379.8310991878743
2011-04-13,2385.118318548635
2011-04-14,2368.499500304641
2011-04-15,2395.5753709835813
2011-04-18,2365.3793000442074
2011-04-19,2381.5986103375294
2011-04-20,2387.4176827972624
2011-04-21,2384.891165522139
2011-04-22,2387.73894013683
2011-04-25,2418.9281785245485
2011-04-26,2388.3091621307094
2011-04-27,2429.821633088487
2011-04-28,2407.7805181569292
2011-04-29,2405.6467512993604
2011-05-02,2408.831105318718
2011-05-03,2432.0588538123875
2011-05-04,2388.3246569523444
2011-05-05,2385.3819757194783
2011-05-06,2388.344051905235
2011-05-09,2396.3507469592832
2011-05-10,2373.8774628748006
2011-05-11,2393.3816717273767
2011-05-12,2411.942187463959
2011-05-13,2392.075975553466
2011-05-16,2385.347870308014
2011-05-17,2380.0428811725687
2011-05-18,2396.7201861019203
2011-05-19,2374.7344652217507
2011-05-20,2405.1627863765
2011-05-23,2404.766861494391
2011-05-24,2383.381170332808
2011-05-25,2378.7716822266975
2011-05-26,2389.7446540385235
2011-05-27,2389.0842711624664
2011-05-30,2365.093603781202
2011-05-31,2367.0017651514163
2011-06-01,2356.610075712959
2011-06-02,2376.1906799448147
2011-06-03,2378.2871823405753
2011-06-06,2353.4397847080627
2011-06-07,2363.088531188736
2011-06-08,2351.5778691783175
2011-06-09,2355.938154771711
2011-06-10,2372.138776053398
2011-06-13,2355.9972113201497
2011-06-14,2360.1626056413993
2011-06-15,2343.5420558331534
2011-06-16,2364.0243146414937
2011-06-17,2360.343183218645
2011-06-20,2351.314437878451
2011-06-21,2356.7368910473206
2011-06-22,2360.1427894610465
2011-06-23,2347.4647945301554
2011-06-24,2338.7286146192437
2011-06-27,2376.4340223287354
2011-06-28,2346.7698439263527
2011-06-29,2352.138379581632
2011-06-30,2364.219143169401
2011-07-01,2396.6303482448347
2011-07-04,2343.1506348870794
2011-07-05,2365.882090035651
2011-07-06,2354.9659810419757
2011-07-07,2359.709992003452
2011-07-08,2360.3142132580747
2011-07-11,2358.2601795062287
2011-07-12,2373.8849385000512
2011-07-13,2359.6197389346503
2011-07-14,2391.185261110598
2011-07-15,2383.3505098750443
2011-07-18,2390.5136110442904
2011-07-19,2382.691256825355
2011-07-20,2386.654472873854
2011-07-21,2397.275956643024
2011-07-22,2382.6779123413207
2011-07-25,2395.1281257900287
2011-07-26,2391.8974170021497
2011-07-27,2394.315748530454
2011-07-28,2382.430170108886
2011-07-29,2426.7831712483194
2011-08-01,2391.6084891822634
2011-08-02,2402.9982975650187
2011-08-03,2391.1141484478153
2011-08-04,2352.530151184712
2011-08-05,2344.3254949896364
2011-08-08,2376.64153844452
2011-08-09,2356.543959324318
2011-08-10,2325.266045678085
2011-08-11,2318.1989699061924
2011-08-12,2297.5832209039627
2011-08-15,2299.4935856550533
2011-08-16,2276.0684900383517
2011-08-17,2250.923743193082
2011-08-18,2248.890995368182
2011-08-19,2253.951375968124
2011-08-22,2230.9343101784466
2011-08-23,2232.825646198521
2011-08-24,2211.628261250939
2011-08-25,2204.9610424922244
2011-08-26,2213.109431828018
2011-08-29,2196.55641390482
2011-08-30,2183.9133468651653
2011-08-31,2183.795393144046
2011-09-01,2173.3172439450564
2011-09-02,2177.6289660334887
2011-09-05,2150.9363769512324
2011-09-06,2145.1941806583536
2011-09-07,2129.8021902579662
2011-09-08,2133.116476962857
2011-09-09,2141.9547570330897
2011-09-12,2139.475802721782
2011-09-13,2129.840990587196
2011-09-14,2094.7227262065244
2011-09-15,2119.137347819075
2011-09-16,2082.4565295245056
2011-09-19,2105.260486643305
2011-09-20,2086.09396736504
2011-09-21,2091.362724962478
2011-09-22,2064.3185575291386
2011-09-23,2084.4370404295964
2011-09-26,2051.3201636642184
2011-09-27,2053.740724026154
2011-09-28,2044.5610576823874
2011-09-29,2031.0467852500146
2011-09-30,2044.2057125359975
2011-10-03,2077.385840432669
2011-10-04,2102.128456786793
2011-10-05,2091.273555390836
2011-10-06,2117.929690820617
2011-10-07,2124.6659109324873
2011-10-10,2143.6922203426093
2011-10-11,2150.950329573376
2011-10-12,2173.1559662920104
2011-10-13,2193.44408622503
2011-10-14,2197.8426593803224
2011-10-17,2220.1367882680656
2011-10-18,2237.250734165294
2011-10-19,2264.257873033604
2011-10-20,2259.9952982964132
2011-10-21,2288.8122229673913
2011-10-24,2328.8834911809336
2011-10-25,2337.9193585031903
2011-10-26,2357.884417317025
2011-10-27,2360.2021909527125
2011-10-28,2381.6950416665304
2011-10-31,2407.9866890534845
2011-11-01,2410.148602630038
2011-11-02,2363.7197273884663
2011-11-03,2366.870472108389
2011-11-04,2393.647821066199
2011-11-07,2370.337308315716
2011-11-08,2361.220123557671
2011-11-09,2349.910548808324
2011-11-10,2353.759740731231
2011-11-11,2339.369395791589
2011-11-14,2376.0613179910656
2011-11-15,2346.80751278103
2011-11-16,2341.9955372807694
2011-11-17,2345.161552161363
2011-11-18,2345.136191813193
2011-11-21,2340.5516555331837
2011-11-22,2337.652407024357
2011-11-23,2313.4948048414235
2011-11-24,2313.0178971566684
2011-11-25,2321.0192429120034
2011-11-28,2301.7121838947337
2011-11-29,2303.415996359123
2011-11-30,2303.744108483074
2011-12-01,2307.2086428119337
2011-12-02,2276.7941271590234
2011-12-05,2304.4457802055567
2011-12-06,2292.5847205683385
2011-12-07,2302.4103833403296
2011-12-08,2302.2317734216767
2011-12-09,2310.781138054719
2011-12-12,2306.887011342076
2011-12-13,2305.831061004427
2011-12-14,2305.9658784692774
2011-12-15,2291.804209529964
2011-12-16,2287.868929455568
2011-12-19,2296.510506841878
2011-12-20,2293.9294578223844
2011-12-21,2281.064809123071
2011-12-22,2288.249899621819
2011-12-23,2282.2597181771907
2011-12-26,2271.9513436001544
2011-12-27,2295.4428858103374
2011-12-28,2280.39009149968
2011-12-29,2302.138171667191
2011-12-30,2259.3170247108533
2012-01-02,2282.3792441446703
2012-01-03,2300.0994283250034
2012-01-04,2323.8909968892312
2012-01-05,2326.4661934500896
2012-01-06,2336.582131698577
2012-01-09,2330.9333780950838
2012-01-10,2341.7593510529546
2012-01-11,2370.4935959890163
2012-01-12,2361.8047441211397
2012-01-13,2383.0709748276067
2012-01-16,2406.8945204002207
2012-01-17,2400.5433921989015
2012-01-18,2443.4147593342636
2012-01-19,2450.4846372993647
2012-01-20,2428.0285255563454
2012-01-23,2447.526597385079
2012-01-24,2442.541239577287
2012-01-25,2472.9110565756987
2012-01-26,2504.0871112624745
2012-01-27,2501.3009361360364
2012-01-30,2524.3078184950323
2012-01-31,2511.318056104212
2012-02-01,2548.484499855528
2012-02-02,2539.090462288869
2012-02-03,2554.1374872063334
2012-02-06,2560.6411254350155
2012-02-07,2553.3660629997466
2012-02-08,2562.7396244728784
2012-02-09,2598.0331175824354
2012-02-10,2598.6413279268104
2012-02-13,2615.0956777505667
2012-02-14,2613.6678848179313
2012-02-15,2619.322463765291
2012-02-16,2602.8366844387624
2012-02-17,2630.003160193412
2012-02-20,2641.2948496099207
2012-02-21,2675.6511411018546
2012-02-22,2667.0471119487106
2012-02-23,2686.5621899239754
2012-02-24,2682.268943714101
2012-02-27,2672.9570600779152
2012-02-28,2692.316790540498
2012-02-29,2702.197849917519
2012-03-01,2692.078933940056
2012-03-02,2705.352765203404
2012-03-05,2713.56228831939
2012-03-06,2744.0178386190496
2012-03-07,2699.60238540876
2012-03-08,2750.2978595398904
2012-03-09,2726.827320539614
2012-03-12,2726.68137182775
2012-03-13,2767.6184878868194
2012-03-14,2767.3582520068057
2012-03-15,2780.4947765616453
2012-03-16,2780.155704526002
2012-03-19,2803.5697022883646
2012-03-20,2788.690707888337
2012-03-21,2784.686555202302
2012-03-22,2797.6134314008586
2012-03-23,2816.1963811073792
2012-03-26,2793.8487293544067
2012-03-27,2801.6131392747957
2012-03-28,2812.432243349795
2012-03-29,2793.1012306247094
2012-03-30,2830.7930086243405
2012-04-02,2796.671992175498
2012-04-03,2818.513411898121
2012-04-04,2824.412104386199
2012-04-05,2800.042759295291
2012-04-06,2824.7258889631617
2012-04-09,2775.3315330897126
2012-04-10,2806.889527490205
2012-04-11,2794.203526285814
2012-04-12,2755.499436996413
2012-04-13,2811.498546891626
2012-04-16,2767.583931287852
2012-04-17,2750.919481723564
2012-04-18,2738.227410398591
2012-04-19,2749.197861011522
2012-04-20,2745.08334388404
2012-04-23,2742.8583386152195
2012-04-24,2732.006102862429
2012-04-25,2739.3651238033904
2012-04-26,2720.0868996524537
2012-04-27,2693.7135091524883
2012-04-30,2712.6726417387986
2012-05-01,2672.8876348005106
2012-05-02,2699.915982305829
2012-05-03,2672.2766663688135
2012-05-04,2677.9236771035717
2012-05-07,2683.602530691983
2012-05-08,2643.8657940812172
2012-05-09,2660.929246236067
2012-05-10,2631.6204784567417
2012-05-11,2650.8566185884933
2012-05-14,2613.5608175888005
2012-05-15,2597.931777486341
2012-05-16,2608.4162529746363
2012-05-17,2584.4625274880545
2012-05-18,2569.904469462556
2012-05-21,2565.3085118573936
2012-05-22,2561.604209188775
2012-05-23,2570.0650346711877
2012-05-24,2519.1238869122235
2012-05-25,2534.8387662995315
2012-05-28,2533.29351130443
2012-05-29,2518.72626913695
2012-05-30,2523.635394727981
2012-05-31,2497.241363637785
2012-06-01,2504.469967566941
2012-06-04,2522.875741129168
2012-06-05,2525.3519391787318
2012-06-06,2527.856927042824
2012-06-07,2548.0925722142943
2012-06-08,2541.9755104907263
2012-06-11,2551.268767919546
2012-06-12,2561.132994992284
2012-06-13,2594.198492989531
2012-06-14,2544.0077787104647
2012-06-15,2599.696645616963
2012-06-18,2603.9562133789827
2012-06-19,2590.5301306537526
2012-06-20,2625.5533770957963
2012-06-21,2636.789358798657
2012-06-22,2647.3834910651412
2012-06-25,2613.5826575755
2012-06-26,2675.9924748145518
2012-06-27,2657.160186229754
2012-06-28,2685.3800365640245
2012-06-29,2695.3704717605997
2012-07-02,2672.704604817343
2012-07-03,2692.386033099109
2012-07-04,2677.4062732110315
2012-07-05,2653.856467778418
2012-07-06,2696.334818371458
2012-07-09,2669.3521268118634
2012-07-10,2667.3456183480757
2012-07-11,2672.4482132818616
2012-07-12,2680.5433274105294
2012-07-13,2675.188266968442
2012-07-16,2682.3402442216125
2012-07-17,2656.1560346963265
2012-07-18,2663.1989584254957
2012-07-19,2670.627869300337
2012-07-20,2696.5828250778663
2012-07-23,2668.7717101607773
2012-07-24,2683.832745230104
2012-07-25,2668.9205893263675
2012-07-26,2661.0134296999818
2012-07-27,2663.2329465664307
2012-07-30,2663.3363656761194
2012-07-31,2672.6824929093214
2012-08-01,2688.466329476286
2012-08-02,2680.41202246522
2012-08-03,2697.010564857576
2012-08-06,2673.645457909059
2012-08-07,2686.5439291501525
2012-08-08,2687.8864697262816
2012-08-09,2707.4484093520578
2012-08-10,2703.890432551811
2012-08-13,2724.2213651831867
2012-08-14,2707.232604055923
2012-08-15,2726.068133894111
2012-08-16,2740.4605380041667
2012-08-17,2708.431709516563
2012-08-20,2771.40561612486
2012-08-21,2744.058342310327
2012-08-22,2725.713723141903
2012-08-23,2761.4327587611488
2012-08-24,2765.3828582804026
2012-08-27,2769.4665401205484
2012-08-28,2790.0523874338774
2012-08-29,2792.3940231596252
2012-08-30,2791.8646321039923
2012-08-31,2799.7274137704608
2012-09-03,2794.3372019287303
2012-09-04,2822.9945248133045
2012-09-05,2779.8014967467175
2012-09-06,2804.8331674770275
2012-09-07,2806.152069416292
2012-09-10,2819.022854589561
2012-09-11,2798.1179371069816
2012-09-12,2787.8249104473093
2012-09-13,2816.922977553593
2012-09-14,2821.051145262053
2012-09-17,2840.465234056804
2012-09-18,2803.9200212879728
2012-09-19,2840.52938887379
2012-09-20,2860.0645467835398
2012-09-21,2823.6463448390714
2012-09-24,2813.1001068312216
2012-09-25,2827.9974957604513
2012-09-26,2836.3524795094127
2012-09-27,2846.547619294239
2012-09-28,2832.539415281069
2012-10-01,2856.8972708263636
2012-10-02,2813.0161485083513
2012-10-03,2798.173063546519
2012-10-04,2832.2582137047675
2012-10-05,2778.671800343362
2012-10-08,2801.753340165849
2012-10-09,2842.232984884191
2012-10-10,2792.443162763338
2012-10-11,2771.012525134947
2012-10-12,2779.8601561992064
2012-10-15,2773.9960058000333
2012-10-16,2770.980177519985
2012-10-17,2771.9728763912026
2012-10-18,2742.5814694099204
2012-10-19,2774.210846171369
2012-10-22,2748.469120720867
2012-10-23,2749.177847408332
2012-10-24,2724.7702057632123
2012-10-25,2745.041976750805
2012-10-26,2718.157417755232
2012-10-29,2719.593408155529
2012-10-30,2697.3623960485425
2012-10-31,2690.7204874794156
2012-11-01,2714.7168824843466
2012-11-02,2700.6121804386635
2012-11-05,2696.2641144612244
2012-11-06,2700.321224714521
2012-11-07,2719.714574722787
2012-11-08,2702.925080164384
2012-11-09,2711.068064307874
2012-11-12,2714.0790557399064
2012-11-13,2689.058117451221
2012-11-14,2696.3192287665825
2012-11-15,2722.081429664184
2012-11-16,2708.706777797154
2012-11-19,2734.3108107132
2012-11-20,2734.3083584526858
2012-11-21,2732.1584898145893
2012-11-22,2748.3664077400263
2012-11-23,2723.6690429579585
2012-11-26,2734.862073100196
2012-11-27,2719.266006599989
2012-11-28,2761.9086675195285
2012-11-29,2756.744460420481
2012-11-30,2731.0522207991007
2012-12-03,2732.7893435395295
2012-12-04,2742.6632900807635
2012-12-05,2718.7825386427676
2012-12-06,2708.5023045821426
2012-12-07,2725.9281432813923
2012-12-10,2711.7789551723804
2012-12-11,2709.8451456402827
2012-12-12,2692.7448204264288
2012-12-13,2677.4902366146507
2012-12-14,2700.5340290170843
2012-12-17,2706.2078206727897
2012-12-18,2687.6527994358908
2012-12-19,2706.6686388260537
2012-12-20,2674.601832766557
2012-12-21,2666.5967437133454
2012-12-24,2676.522818162894
2012-12-25,2673.0118018897397
2012-12-26,2681.0956854218275
2012-12-27,2657.1787841331175
2012-12-28,2682.4449428803146
2012-12-31,2687.0991417652353
2013-01-01,2669.1692220427717
2013-01-02,2695.218955319996
2013-01-03,2673.106215928929
2013-01-04,2710.645213574251
2013-01-07,2719.1926851649127
2013-01-08,2725.651625872087
2013-01-09,2722.6594469212887
2013-01-10,2691.484386038298
2013-01-11,2732.037899365747
2013-01-14,2741.2511649090416
2013-01-15,2745.4170159110563
2013-01-16,2769.6878130063774
2013-01-17,2771.2927081255093
2013-01-18,2774.766636875207
2013-01-21,2780.6299236170785
2013-01-22,2794.5997715204253
2013-01-23,2829.647198228697
2013-01-24,2813.802951346958
2013-01-25,2825.1369522451823
2013-01-28,2835.2669113785014
2013-01-29,2855.945718207708
2013-01-30,2867.0266417884013
2013-01-31,2826.2303965244755
2013-02-01,2886.3189504357524
2013-02-04,2894.0173198078273
2013-02-05,2860.0162720067733
2013-02-06,2862.8607214464414
2013-02-07,2872.1002635773875
2013-02-08,2869.42834205777
2013-02-11,2885.2791625262103
2013-02-12,2855.7228399478154
2013-02-13,2869.3990473422837
2013-02-14,2909.4879410832978
2013-02-15,2875.5999092027637
2013-02-18,2908.7218465241103
2013-02-19,2897.6313250931016
2013-02-20,2868.0536855522464
2013-02-21,2905.1801434271474
2013-02-22,2896.0215662578084
2013-02-25,2892.870150536079
2013-02-26,2904.774468362639
2013-02-27,2909.8592542153556
2013-02-28,2914.9967805856304
2013-03-01,2923.8327023152697
2013-03-04,2914.63411144993
2013-03-05,2890.6694086396915
2013-03-06,2905.7843355588143
2013-03-07,2957.566358883745
2013-03-08,2927.2370367148783
2013-03-11,2953.2440384139095
2013-03-12,2941.0442701101365
2013-03-13,2926.19924776446
2013-03-14,2929.0740901434588
2013-03-15,2926.1333954245724
2013-03-18,2903.224923200408
2013-03-19,2930.94158871277
2013-03-20,2950.436045436348
2013-03-21,2925.8922863956213
2013-03-22,2942.749021200481
2013-03-25,2951.223414276416
2013-03-26,2927.3467123321057
2013-03-27,2936.095136252746
2013-03-28,2929.762525692087
2013-03-29,2935.482813067863
2013-04-01,2931.4574453556847
2013-04-02,2940.011436920631
2013-04-03,2977.1468504204404
2013-04-04,2945.4824476883746
2013-04-05,2963.763552598501
2013-04-08,2957.3028196695764
2013-04-09,2985.118659535067
2013-04-10,2989.9725478046
2013-04-11,2986.2193410859036
2013-04-12,2980.8065847134203
2013-04-15,2975.689510492521
2013-04-16,2964.243519059698
2013-04-17,3013.906611191879
2013-04-18,2976.4404427414775
2013-04-19,3000.6044704112396
2013-04-22,3009.4344844949114
2013-04-23,2988.1527679727433
2013-04-24,3014.9390553384137
2013-04-25,3013.7467685236115
2013-04-26,3031.144654727803
2013-04-29,3001.0296329541197
2013-04-30,2991.641317219854
2013-05-01,3005.484443011475
2013-05-02,3018.3499391452915
2013-05-03,3018.182317982171
2013-05-06,3013.46863726393
2013-05-07,2992.6708127582997
2013-05-08,3030.7341919884148
2013-05-09,3055.568990788617
2013-05-10,3034.8686451768085
2013-05-13,3039.180152060241
2013-05-14,3040.743468265539
2013-05-15,3040.2031554746018
2013-05-16,3050.439731955729
2013-05-17,3044.4197484341894
2013-05-20,3035.7786972005565
2013-05-21,3030.5431278547344
2013-05-22,3040.984347089682
2013-05-23,3051.6837468501903
2013-05-24,3044.2043570927635
2013-05-27,3055.9449661843946
2013-05-28,3059.981629779428
2013-05-29,3068.135287608653
2013-05-30,3077.148615102354
2013-05-31,3060.8633847904885
2013-06-03,3033.226340098985
2013-06-04,3041.4681274479517
2013-06-05,3040.9433344977588
2013-06-06,3005.988293304773
2013-06-07,3048.4311896772538
2013-06-10,3023.150626854822
2013-06-11,3020.350830010394
2013-06-12,3028.7579385079816
2013-06-13,2992.3907091948813
2013-06-14,3004.089606382616
2013-06-17,2987.5066170412906
2013-06-18,2980.073263305327
2013-06-19,2965.010128364335
2013-06-20,2994.9350712740447
2013-06-21,2958.344725617065
2013-06-24,2967.9768399994177
2013-06-25,2923.700717077782
2013-06-26,2962.4960933349275
2013-06-27,2954.345053192744
2013-06-28,2934.088705589522
2013-07-01,2937.978964322571
2013-07-02,2955.898574070687
2013-07-03,2992.5655649923065
2013-07-04,2941.2781708379175
2013-07-05,2987.836182130926
2013-07-08,2971.378051124087
2013-07-09,2993.4966678612773
2013-07-10,2998.910330040984
2013-07-11,3005.045455018247
2013-07-12,3020.2260166922024
2013-07-15,3012.120792673998
2013-07-16,3053.8757748229364
2013-07-17,3019.8737902986704
2013-07-18,3064.4522331659286
2013-07-19,3060.2207359855483
2013-07-22,3056.2743647836846
2013-07-23,3086.467691028564
2013-07-24,3068.3749474757956
2013-07-25,3102.1929544484765
2013-07-26,3088.6012473752676
2013-07-29,3127.1099783752643
2013-07-30,3114.6614323609415
2013-07-31,3131.2830920835795
2013-08-01,3137.1850885314743
2013-08-02,3114.734643857547
2013-08-05,3120.1503225496704
2013-08-06,3091.7274805182305
2013-08-07,3119.379918602165
2013-08-08,3131.2352508517915
2013-08-09,3141.3828243682224
2013-08-12,3093.8344192139143
2013-08-13,3098.895207102976
2013-08-14,3053.6154460281723
2013-08-15,3098.4802650386773
2013-08-16,3081.623876714091
2013-08-19,3056.6432964102146
2013-08-20,3077.3341667365785
2013-08-21,3048.8990015914806
2013-08-22,3040.183487951388
2013-08-23,3048.7795694295082
2013-08-26,3019.8085899392927
2013-08-27,3045.839063871916
2013-08-28,3008.8087906098162
2013-08-29,3003.357930311994
2013-08-30,2999.9425668458166
2013-09-02,3034.2188886318327
2013-09-03,3022.507608748749
2013-09-04,3020.5061431937534
2013-09-05,3040.9378212100373
2013-09-06,3058.885025504077
2013-09-09,3050.483447420533
2013-09-10,3060.1353540455375
2013-09-11,3119.7319836473143
2013-09-12,3083.1308194424582
2013-09-13,3100.777605724166
2013-09-16,3109.442073153014
2013-09-17,3117.9755398486327
2013-09-18,3143.7193236939993
2013-09-19,3158.33799751448
2013-09-20,3148.0941237152374
2013-09-23,3142.876107531442
2013-09-24,3192.1786673789625
2013-09-25,3180.017165871085
2013-09-26,3218.7386502800937
2013-09-27,3164.817744825595
2013-09-30,3213.5466222782006
2013-10-01,3245.5521870632183
2013-10-02,3213.3366227943375
2013-10-03,3219.7031264517163
2013-10-04,3232.4270550905017
2013-10-07,3222.954364668411
2013-10-08,3231.2669029363988
2013-10-09,3235.1810768964842
2013-10-10,3234.8187714684177
2013-10-11,3269.3132878495107
2013-10-14,3261.204964137908
2013-10-15,3262.1480956417327
2013-10-16,3275.6220404910177
2013-10-17,3262.4875761624194
2013-10-18,3258.521688709719
2013-10-21,3265.6996223456963
2013-10-22,3279.9892341405775
2013-10-23,3266.9624153121663
2013-10-24,3280.532830878866
2013-10-25,3284.669089892977
2013-10-28,3332.611141496166
2013-10-29,3256.2061310394115
2013-10-30,3303.4584558227157
2013-10-31,3339.4276527543943
2013-11-01,3319.466504802598
2013-11-04,3336.565948814253
2013-11-05,3332.318086618364
2013-11-06,3326.145075312939
2013-11-07,3306.4345426187856
2013-11-08,3354.0116287033816
2013-11-11,3344.214623301129
2013-11-12,3350.450482539818
2013-11-13,3362.193297202042
2013-11-14,3406.7716734192195
2013-11-15,3424.714766310303
2013-11-18,3394.438084778893
2013-11-19,3389.604715297649
2013-11-20,3384.219811359572
2013-11-21,3419.019957294789
2013-11-22,3448.281815584159
2013-11-25,3420.3765746707772
2013-11-26,3390.6067843318774
2013-11-27,3449.767735125849
2013-11-28,3462.061514091526
2013-11-29,3424.5687800006294
2013-12-02,3461.2662866779983
2013-12-03,3472.3171414840363
2013-12-04,3469.5295913377417
2013-12-05,3463.359283253009
2013-12-06,3501.12241197918
2013-12-09,3482.7211226914783
2013-12-10,3470.1412265360486
2013-12-11,3466.5670163245095
2013-12-12,3530.9450201790664
2013-12-13,3526.0411019504463
2013-12-16,3523.1413225555557
2013-12-17,3520.227151830516
2013-12-18,3525.0580354698805
2013-12-19,3521.786091104238
2013-12-20,3539.61492284902
2013-12-23,3516.04439815424
2013-12-24,3547.0724386980796
2013-12-25,3561.101422356237
2013-12-26,3584.0255363760925
2013-12-27,3578.910000682603
2013-12-30,3600.3848846014175
2013-12-31,3616.8848511769274
2014-01-01,3604.4497717992936
2014-01-02,3586.741564693305
2014-01-03,3571.3933314417523
2014-01-06,3546.5759899606724
2014-01-07,3570.1001912563534
2014-01-08,3579.6554969236336
2014-01-09,3548.8162815846367
2014-01-10,3569.579533030448
2014-01-13,3501.7127566532868
2014-01-14,3501.2635230001165
2014-01-15,3529.5855947623545
2014-01-16,3512.1777657669304
2014-01-17,3523.5368678018167
2014-01-20,3493.2852345286346
2014-01-21,3471.4514643170373
2014-01-22,3475.9079164405466
2014-01-23,3446.0665598339942
2014-01-24,3446.1910850962527
2014-01-27,3475.648552639861
2014-01-28,3466.991571554057
2014-01-29,3451.290794018032
2014-01-30,3408.575408742638
2014-01-31,3425.151049056716
2014-02-03,3423.1706324579154
2014-02-04,3477.6205692227886
2014-02-05,3460.2188882796804
2014-02-06,3464.5510016180283
2014-02-07,3497.1466173385147
2014-02-10,3498.605118748791
2014-02-11,3549.239789183127
2014-02-12,3523.4235742336923
2014-02-13,3524.945791355785
2014-02-14,3524.838802147822
2014-02-17,3576.1096831746654
2014-02-18,3580.089182360351
2014-02-19,3577.996447668255
2014-02-20,3638.871210809686
2014-02-21,3643.145726029582
2014-02-24,3644.239092301445
2014-02-25,3683.483845721972
2014-02-26,3684.5175002345372
2014-02-27,3671.0636843622724
2014-02-28,3680.9335955900415
2014-03-03,3709.542084340889
2014-03-04,3696.0236819455517
2014-03-05,3686.129086524064
2014-03-06,3661.7377947538316
2014-03-07,3682.7702467297154
2014-03-10,3652.0778950812755
2014-03-11,3658.3846174293717
2014-03-12,3681.0249797326355
2014-03-13,3636.8711421454263
2014-03-14,3614.625132422698
2014-03-17,3618.495640187474
2014-03-18,3650.0650644375305
2014-03-19,3631.0050178532056
2014-03-20,3618.439470372412
2014-03-21,3605.965439526559
2014-03-24,3618.331208028958
2014-03-25,3588.683127846711
2014-03-26,3603.9045485421148
2014-03-27,3579.698335017014
2014-03-28,3571.1723081965893
2014-03-31,3570.30349252469
2014-04-01,3571.154708344262
2014-04-02,3573.152550970738
2014-04-03,3574.387023375381
2014-04-04,3500.5768747234656
2014-04-07,3548.127519438002
2014-04-08,3551.717626439627
2014-04-09,3581.611685234236
2014-04-10,3531.8639710847187
2014-04-11,3550.110489615753
2014-04-14,3569.898222326489
2014-04-15,3516.3654356989523
2014-04-16,3542.763223553712
2014-04-17,3517.8298861931753
2014-04-18,3519.299693800612
2014-04-21,3510.2575070667954
2014-04-22,3507.739100382963
2014-04-23,3564.7008591186886
2014-04-24,3527.8915867510163
2014-04-25,3528.614320232303
2014-04-28,3514.134572216243
2014-04-29,3473.62004320832
2014-04-30,3504.887775405159
2014-05-01,3520.0822332371313
2014-05-02,3489.6669326253955
2014-05-05,3524.878010700902
2014-05-06,3523.6404825274017
2014-05-07,3547.152463157209
2014-05-08,3510.592594797283
2014-05-09,3501.9542378726837
2014-05-12,3518.247306009282
2014-05-13,3553.2878065690097
2014-05-14,3499.0286766388153
2014-05-15,3498.1076059154125
2014-05-16,3539.597869791437
2014-05-19,3533.536574319967
2014-05-20,3544.8705801994874
2014-05-21,3564.8672604107296
2014-05-22,3541.651370798174
2014-05-23,3521.5421462374406
2014-05-26,3594.5796387286337
2014-05-27,3543.823791505234
2014-05-28,3546.084555262883
2014-05-29,3588.0365045797303
2014-05-30,3564.8635433585114
2014-06-02,3581.60856087063
2014-06-03,3602.467418898169
2014-06-04,3624.405228463272
2014-06-05,3609.9616859995313
2014-06-06,3654.706637772048
2014-06-09,3599.472531947351
2014-06-10,3663.4100770716077
2014-06-11,3645.433042953727
2014-06-12,3697.284035629788
2014-06-13,3686.0281521861143
2014-06-16,3682.3394581901725
2014-06-17,3718.4471299693528
2014-06-18,3734.1953555888936
2014-06-19,3741.0250053225477
2014-06-20,3721.2977811524333
2014-06-23,3743.010298450709
2014-06-24,3763.584320683248
2014-06-25,3774.4880981717797
2014-06-26,3801.104771246183
2014-06-27,3760.3174549081637
2014-06-30,3816.6694318798263
2014-07-01,3807.6950629805515
2014-07-02,3800.150787231042
2014-07-03,3804.9003030904905
2014-07-04,3817.9091729806314
2014-07-07,3756.0721586905056
2014-07-08,3814.4547312620416
2014-07-09,3814.0389323223835
2014-07-10,3843.9667751199463
2014-07-11,3821.2430517770645
2014-07-14,3835.5101957565166
2014-07-15,3872.218045931403
2014-07-16,3864.6541156134545
2014-07-17,3865.847861799507
2014-07-18,3841.813011041176
2014-07-21,3864.859906484448
2014-07-22,3852.8411905983476
2014-07-23,3856.5274048489227
2014-07-24,3871.1882045673024
2014-07-25,3854.698502759444
2014-07-28,3898.089592407596
2014-07-29,3869.0747349266003
2014-07-30,3887.127545691836
2014-07-31,3906.3449666530864
2014-08-01,3907.5934413862583
2014-08-04,3869.531133740687
2014-08-05,3915.1399115396207
2014-08-06,3932.596201290766
2014-08-07,3942.9565301771227
2014-08-08,3913.083137139812
2014-08-11,3931.5872138691766
2014-08-12,3973.79061152529
2014-08-13,3948.6355833529997
2014-08-14,3967.4070792005114
2014-08-15,4014.3965663303234
2014-08-18,3991.733921492784
2014-08-19,3987.8427659939257
2014-08-20,3994.5037620503995
2014-08-21,4028.545930301914
2014-08-22,4004.751036690232
2014-08-25,4036.420205020388
2014-08-26,4057.985256834213
2014-08-27,4087.455994984969
2014-08-28,4084.5288944444333
2014-08-29,4066.260108222924
2014-09-01,4098.639810158631
2014-09-02,4062.349988957542
2014-09-03,4037.1645342711467
2014-09-04,4052.6040978765704
2014-09-05,4079.054876375494
2014-09-08,4047.122025374437
2014-09-09,4037.891806104319
2014-09-10,4064.50844643772
2014-09-11,3996.574148216707
2014-09-12,3993.4329672618173
2014-09-15,3980.7407160237008
2014-09-16,4014.534598045428
2014-09-17,4004.3128662670165
2014-09-18,4025.7205797846455
2014-09-19,3993.693261579527
2014-09-22,3974.730419415764
2014-09-23,3976.765066090063
2014-09-24,3973.0260789580334
2014-09-25,3931.518349219051
2014-09-26,4012.282383627707
2014-09-29,3962.8978546672092
2014-09-30,3950.764114943041
2014-10-01,3964.8714736268967
2014-10-02,3972.8588253480675
2014-10-03,3962.142732285028
2014-10-06,3958.51760929671
2014-10-07,3989.1030470786714
2014-10-08,3991.0053053051206
2014-10-09,3973.3183834527713
2014-10-10,4023.9830940891375
2014-10-13,4007.6723643637542
2014-10-14,4022.6070332545487
2014-10-15,4042.1069366829274
2014-10-16,4020.8078438784783
2014-10-17,4032.9565000007096
2014-10-20,4049.1257933956017
2014-10-21,4024.3804856563997
2014-10-22,4046.348692327108
2014-10-23,4054.044662563615
2014-10-24,4038.359671720809
2014-10-27,4111.1168096300735
2014-10-28,4041.656570080064
2014-10-29,4050.122546579294
2014-10-30,4109.705101118141
2014-10-31,4103.763370437157
2014-11-03,4077.7010185176173
2014-11-04,4120.77043449555
2014-11-05,4148.109427162559
2014-11-06,4126.876447097994
2014-11-07,4190.89566758083
2014-11-10,4111.0492986161225
2014-11-11,4170.896546733944
2014-11-12,4190.480962095571
2014-11-13,4194.518505310123
2014-11-14,4181.380085127917
2014-11-17,4189.336271670457
2014-11-18,4214.562372483745
2014-11-19,4232.233604341081
2014-11-20,4237.608912536949
2014-11-21,4256.767500728881
2014-11-24,4223.0085658523985
2014-11-25,4249.696592004574
2014-11-26,4244.431353374211
2014-11-27,4266.178678688165
2014-11-28,4306.158112705494
2014-12-01,4284.5521936261375
2014-12-02,4335.859071573859
2014-12-03,4282.040550038252
2014-12-04,4277.013238338567
2014-12-05,4275.8405266402515
2014-12-08,4257.785539142495
2014-12-09,4268.009363031464
2014-12-10,4291.143583889305
2014-12-11,4267.351048801219
2014-12-12,4245.849023620082
2014-12-15,4240.894675147662
2014-12-16,4248.858149456069
2014-12-17,4257.859145957287
2014-12-18,4279.51996819299
2014-12-19,4223.478425416434
2014-12-22,4243.027587978303
2014-12-23,4250.736166698742
2014-12-24,4206.594821437624
2014-12-25,4225.68348933272
2014-12-26,4226.802944798781
2014-12-29,4222.201851870755
2014-12-30,4240.990931889265
2014-12-31,4231.380326884369
2015-01-01,4216.8463486627525
2015-01-02,4231.4376616213
2015-01-05,4252.551710608756
2015-01-06,4244.568046966257
2015-01-07,4163.488331889893
2015-01-08,4209.867994531505
2015-01-09,4187.88579920658
2015-01-12,4188.7336804825445
2015-01-13,4171.042641837755
2015-01-14,4175.706897731458
2015-01-15,4170.304656093131
2015-01-16,4149.010350526974
2015-01-19,4136.348246987683
2015-01-20,4139.585641843324
2015-01-21,4147.678404719662
2015-01-22,4149.156676562894
2015-01-23,4148.341918733888
2015-01-26,4114.4842487696615
2015-01-27,4124.489141552485
2015-01-28,4132.41247974372
2015-01-29,4130.539016076192
2015-01-30,4099.393749991745
2015-02-02,4108.3034331224435
2015-02-03,4129.072086723698
2015-02-04,4113.6657245080305
2015-02-05,4145.7895799961225
2015-02-06,4177.696063821326
2015-02-09,4188.030635801935
2015-02-10,4181.440811169058
2015-02-11,4204.175708398518
2015-02-12,4194.778724293831
2015-02-13,4239.586639317125
2015-02-16,4235.694985997307
2015-02-17,4244.134919492452
2015-02-18,4254.982214959803
2015-02-19,4274.078134877267
2015-02-20,4278.5885432584855
2015-02-23,4315.151809210818
2015-02-24,4305.317719673745
2015-02-25,4361.188874482728
2015-02-26,4371.441836892276
2015-02-27,4333.207294453121
2015-03-02,4350.327880161887
2015-03-03,4330.882193299206
2015-03-04,4334.136361420148
2015-03-05,4380.865808200573
2015-03-06,4326.989698189496
2015-03-09,4337.671669732162
2015-03-10,4337.804106599407
2015-03-11,4300.695227074353
2015-03-12,4300.085226841659
2015-03-13,4288.762418846459
2015-03-16,4291.919092983162
2015-03-17,4245.875753073972
2015-03-18,4315.214624624793
2015-03-19,4343.90417541408
2015-03-20,4299.165198680267
2015-03-23,4261.846804471495
2015-03-24,4274.713823222535
2015-03-25,4274.923838134638
2015-03-26,4259.234659359449
2015-03-27,4295.677051138019
2015-03-30,4290.862219785063
2015-03-31,4245.152144108607
2015-04-01,4292.0843989717705
2015-04-02,4316.050200662661
2015-04-03,4330.943446957495
2015-04-06,4358.482536134348
2015-04-07,4284.317859713909
2015-04-08,4371.410852303585
2015-04-09,4309.719600192795
2015-04-10,4311.391432671234
2015-04-13,4338.130121809835
2015-04-14,4325.2796599301555
2015-04-15,4353.440926736695
2015-04-16,4322.928301138541
2015-04-17,4353.337431505411
2015-04-20,4393.501690368473
2015-04-21,4371.105015218896
2015-04-22,4382.375304681864
2015-04-23,4396.631140720726
2015-04-24,4418.867031773339
2015-04-27,4363.692045428456
2015-04-28,4419.9544239613415
2015-04-29,4408.133686464536
2015-04-30,4424.723564003446
2015-05-01,4449.50598606378
2015-05-04,4404.606147342083
2015-05-05,4413.6232393602695
2015-05-06,4398.132904296515
2015-05-07,4433.933768284792
2015-05-08,4480.78939621848
2015-05-11,4453.535790891292
2015-05-12,4431.37819344756
2015-05-13,4455.480111333669
2015-05-14,4438.122424369756
2015-05-15,4451.268308241511
2015-05-18,4490.236837303472
2015-05-19,4460.26837644571
2015-05-20,4516.673213500122
2015-05-21,4495.175208658209
2015-05-22,4503.795784623837
2015-05-25,4500.6966193591325
2015-05-26,4529.511840477929
2015-05-27,4534.876675148591
2015-05-28,4529.882328528827
2015-05-29,4540.2152157087985
2015-06-01,4516.712714579183
2015-06-02,4527.834666957575
2015-06-03,4502.067238127335
2015-06-04,4503.836856408992
2015-06-05,4491.71847721552
2015-06-08,4481.742092214885
2015-06-09,4470.677875205427
2015-06-10,4490.743559123526
2015-06-11,4503.726826887149
2015-06-12,4494.718469826549
2015-06-15,4434.668956528664
2015-06-16,4485.598628081767
2015-06-17,4443.958740500154
2015-06-18,4458.5688318691045
2015-06-19,4419.286703575038
2015-06-22,4436.742072946821
2015-06-23,4434.740464096439
2015-06-24,4389.17819674064
2015-06-25,4429.649484669481
2015-06-26,4440.1221375076375
2015-06-29,4400.825542339612
2015-06-30,4428.826285961901
2015-07-01,4403.974679117388
2015-07-02,4436.1856371549975
2015-07-03,4377.6005751339135
2015-07-06,4489.6580501250555
2015-07-07,4478.572142215373
2015-07-08,4448.336763460171
2015-07-09,4420.021803758922
2015-07-10,4479.864139991801
2015-07-13,4450.459738139306
2015-07-14,4502.238059637584
2015-07-15,4510.951650055445
2015-07-16,4489.915586079316
2015-07-17,4545.968609222932
2015-07-20,4548.379524419948
2015-07-21,4561.80370190911
2015-07-22,4549.397165365734
2015-07-23,4526.492078614843
2015-07-24,4590.675130869863
2015-07-27,4571.7519288090925
2015-07-28,4555.684092504852
2015-07-29,4628.282802106409
2015-07-30,4655.225700775535
2015-07-31,4615.597879750807
2015-08-03,4647.977492815098
2015-08-04,4582.284406393083
2015-08-05,4553.443896258433
2015-08-06,4529.798339980228
2015-08-07,4563.242938419424
2015-08-10,4490.750586334843
2015-08-11,4507.05777988332
2015-08-12,4460.3265401941435
2015-08-13,4444.930716803478
2015-08-14,4460.466021639453
2015-08-17,4411.699488425841
2015-08-18,4393.748370808762
2015-08-19,4410.127197310169
2015-08-20,4402.873971912005
2015-08-21,4364.7777155721005
2015-08-24,4319.40013210342
2015-08-25,4305.469546431666
2015-08-26,4301.1772340650505
2015-08-27,4289.367916978766
2015-08-28,4244.530469953174
2015-08-31,4264.130109532745
2015-09-01,4248.600620187106
2015-09-02,4208.386402281913
2015-09-03,4223.110965337602
2015-09-04,4230.145277587454
2015-09-07,4237.309288809877
2015-09-08,4276.896094974906
2015-09-09,4239.936469796655
2015-09-10,4215.120061488275
2015-09-11,4235.604259502521
2015-09-14,4221.515228207161
2015-09-15,4233.847885431504
2015-09-16,4237.273680453519
2015-09-17,4248.568217270897
2015-09-18,4220.549386730246
2015-09-21,4253.664351230116
2015-09-22,4236.264643284775
2015-09-23,4200.238260771494
2015-09-24,4259.731202035276
2015-09-25,4218.095297865514
2015-09-28,4191.666263094555
2015-09-29,4242.047081122355
2015-09-30,4248.998494284052
2015-10-01,4219.963758348916
2015-10-02,4225.399953561276
2015-10-05,4247.8661238289405
2015-10-06,4282.2988096886675
2015-10-07,4309.988810503141
2015-10-08,4310.519339294637
2015-10-09,4316.142964728886
2015-10-12,4362.125765941297
2015-10-13,4338.703680406806
2015-10-14,4383.8443459395485
2015-10-15,4370.978958294526
2015-10-16,4402.730063393471
2015-10-19,4406.7952074240775
2015-10-20,4424.158348088679
2015-10-21,4433.167362380501
2015-10-22,4487.73650014507
2015-10-23,4457.637857417315
2015-10-26,4473.745595899059
2015-10-27,4554.550409416254
2015-10-28,4545.322514263239
2015-10-29,4485.579878053792
2015-10-30,4543.412586295614
2015-11-02,4515.412878554855
2015-11-03,4535.4406691523545
2015-11-04,4485.989976606212
2015-11-05,4554.793499423729
2015-11-06,4532.295191148629
2015-11-09,4560.093827368609
2015-11-10,4522.08915482443
2015-11-11,4561.431647972935
2015-11-12,4550.48805855645
2015-11-13,4594.601863364204
2015-11-16,4592.945647911998
2015-11-17,4579.0785080625155
2015-11-18,4554.12541494601
2015-11-19,4607.267900007414
2015-11-20,4526.960617530944
2015-11-23,4530.774462923847
2015-11-24,4561.290504079458
2015-11-25,4615.041763925468
2015-11-26,4559.3985874838245
2015-11-27,4560.240926618011
2015-11-30,4531.919621745555
2015-12-01,4587.658721900811
2015-12-02,4589.063228011266
2015-12-03,4586.554122479037
2015-12-04,4555.386458917243
2015-12-07,4554.845816861191
2015-12-08,4542.669834088525
2015-12-09,4575.384901375272
2015-12-10,4549.989436997957
2015-12-11,4548.998741404131
2015-12-14,4567.476986541614
2015-12-15,4567.211915183586
2015-12-16,4567.327465145747
2015-12-17,4591.566716337231
2015-12-18,4583.931295975386
2015-12-21,4576.754174256321
2015-12-22,4588.7908426676495
2015-12-23,4563.098940480313
2015-12-24,4589.486959895114
2015-12-25,4591.766271435768
2015-12-28,4555.058863172956
2015-12-29,4613.645042762263
2015-12-30,4571.791952565561
2015-12-31,4595.344086457001
2016-01-01,4600.106737652405
2016-01-04,4574.851225252519
2016-01-05,4534.93281147823
2016-01-06,4506.436095742329
2016-01-07,4516.463485890914
2016-01-08,4490.898711362841
2016-01-11,4442.736743942635
2016-01-12,4419.678429320062
2016-01-13,4372.415650405374
2016-01-14,4402.548046364918
2016-01-15,4378.394830032182
2016-01-18,4386.110211539741
2016-01-19,4350.338703000466
2016-01-20,4352.677502724179
2016-01-21,4290.191665961627
2016-01-22,4311.048243152005
2016-01-25,4256.8971368560815
2016-01-26,4266.318136705399
2016-01-27,4200.6209986107215
2016-01-28,4218.206430118879
2016-01-29,4153.4701780842
2016-02-01,4187.698018683552
2016-02-02,4200.727399930036
2016-02-03,4178.78567793496
2016-02-04,4165.904818438135
2016-02-05,4203.812199103549
2016-02-08,4182.14072456922
2016-02-09,4172.270745873954
2016-02-10,4181.589049023677
2016-02-11,4234.010532814951
2016-02-12,4201.215933224273
2016-02-15,4199.6016312584825
2016-02-16,4182.6272711127385
2016-02-17,4175.219308727261
2016-02-18,4119.997834323495
2016-02-19,4154.014856892468
2016-02-22,4156.364619476889
2016-02-23,4125.546417744571
2016-02-24,4138.708782348553
2016-02-25,4119.800630785629
2016-02-26,4158.4286555963145
2016-02-29,4174.459851989226
2016-03-01,4193.543044545266
2016-03-02,4192.205570045934
2016-03-03,4176.420098353813
2016-03-04,4169.114361281808
2016-03-07,4185.874408348117
2016-03-08,4209.321628974205
2016-03-09,4230.584993679548
2016-03-10,4259.378581411342
2016-03-11,4254.454160209789
2016-03-14,4296.804009338807
2016-03-15,4297.974478774619
2016-03-16,4316.679552612448
2016-03-17,4354.660602212538
2016-03-18,4317.907144997461
2016-03-21,4366.2680726510935
2016-03-22,4370.490773544327
2016-03-23,4377.177928616881
2016-03-24,4417.692056321243
2016-03-25,4431.393885952902
2016-03-28,4404.879519339147
2016-03-29,4435.645856988138
2016-03-30,4459.860002652331
2016-03-31,4461.451643514358
2016-04-01,4477.009660771718
2016-04-04,4466.628230980266
2016-04-05,4497.601538750003
2016-04-06,4419.102863698439
2016-04-07,4446.865625491195
2016-04-08,4425.810125017
2016-04-11,4455.844150774957
2016-04-12,4402.956095718471
2016-04-13,4442.953193625393
2016-04-14,4417.7404220074795
2016-04-15,4411.877519747425
2016-04-18,4392.56558295818
2016-04-19,4410.722448745718
2016-04-20,4441.396164113347
2016-04-21,4413.329148249648
2016-04-22,4424.17178108248
2016-04-25,4443.457136370388
2016-04-26,4409.03654471045
2016-04-27,4387.390880217138
2016-04-28,4406.4108982551315
2016-04-29,4380.645623738497
2016-05-02,4387.826709618659
2016-05-03,4371.774121361955
2016-05-04,4432.022514429285
2016-05-05,4409.413104678035
2016-05-06,4428.325823373667
2016-05-09,4407.714444070465
2016-05-10,4446.71209460396
2016-05-11,4426.497602870126
2016-05-12,4446.667287973969
2016-05-13,4475.782758177307
2016-05-16,4480.281016897817
2016-05-17,4468.566467117188
2016-05-18,4435.923789302972
2016-05-19,4548.998473480158
2016-05-20,4527.560864858693
2016-05-23,4511.081128871018
2016-05-24,4484.355999343467
2016-05-25,4505.225491963959
2016-05-26,4502.007046427284
2016-05-27,4549.337176029674
2016-05-30,4533.217018225241
2016-05-31,4516.013828703036
2016-06-01,4518.60846425481
2016-06-02,4550.118700662332
2016-06-03,4556.405704479394
2016-06-06,4550.242114387617
2016-06-07,4528.307503404613
2016-06-08,4501.041043289709
2016-06-09,4429.269568721542
2016-06-10,4504.433498358205
2016-06-13,4493.224936561774
2016-06-14,4491.9275242865015
2016-06-15,4485.518459406959
2016-06-16,4450.131478755752
2016-06-17,4487.844876621444
2016-06-20,4485.04232960006
2016-06-21,4481.689631327428
2016-06-22,4483.116080206681
2016-06-23,4471.011837089238
2016-06-24,4443.974737456764
2016-06-27,4447.08840874995
2016-06-28,4446.253180741881
2016-06-29,4442.187750253952
2016-06-30,4457.507323223837
2016-07-01,4466.58057544821
2016-07-04,4515.617944356669
2016-07-05,4535.701499528612
2016-07-06,4505.07672418672
2016-07-07,4433.7069491182
2016-07-08,4565.690347792387
2016-07-11,4542.593025603095
2016-07-12,4553.91360377768
2016-07-13,4580.495507556851
2016-07-14,4596.819314768775
2016-07-15,4638.800986041182
2016-07-18,4606.049022695767
2016-07-19,4634.804106642489
2016-07-20,4685.676769020216
2016-07-21,4710.079774163587
2016-07-22,4728.445343812736
2016-07-25,4712.647621623446
2016-07-26,4726.043678437789
2016-07-27,4755.273872810271
2016-07-28,4791.235219100798
2016-07-29,4839.389012467743
2016-08-01,4753.694475403903
2016-08-02,4796.714974830898
2016-08-03,4769.1751966452575
2016-08-04,4760.663507656436
2016-08-05,4822.677253794136
2016-08-08,4811.693108027663
2016-08-09,4808.560440341183
2016-08-10,4819.022836164116
2016-08-11,4784.581943531356
2016-08-12,4784.866421043232
2016-08-15,4846.78944759445
2016-08-16,4787.6373515108435
2016-08-17,4810.317506929146
2016-08-18,4792.00827358708
2016-08-19,4746.734614882127
2016-08-22,4741.193704897068
2016-08-23,4775.454208236069
2016-08-24,4813.759283134299
2016-08-25,4806.498914658281
2016-08-26,4808.661232073411
2016-08-29,4762.319325618142
2016-08-30,4823.754957773957
2016-08-31,4761.168546142917
2016-09-01,4792.877262985917
2016-09-02,4791.069559385881
2016-09-05,4790.686762645559
2016-09-06,4830.511043398753
2016-09-07,4785.009006533664
2016-09-08,4773.056499499842
2016-09-09,4809.512983333463
2016-09-12,4802.961968419513
2016-09-13,4897.466046675407
2016-09-14,4835.995174722846
2016-09-15,4813.379270738395
2016-09-16,4801.324045884312
2016-09-19,4784.963709909783
2016-09-20,4809.163496041341
2016-09-21,4840.292078092944
2016-09-22,4875.6328092360945
2016-09-23,4871.8291658903245
2016-09-26,4853.788772837139
2016-09-27,4843.975218287712
2016-09-28,4861.9232861960345
2016-09-29,4846.382078236197
2016-09-30,4904.34832607441
2016-10-03,4855.505340983926
2016-10-04,4855.5397812778865
2016-10-05,4801.381038390981
2016-10-06,4847.9666052694165
2016-10-07,4870.532080778407
2016-10-10,4821.904873635188
2016-10-11,4827.1381618639125
2016-10-12,4862.062063904865
2016-10-13,4804.6717192805545
2016-10-14,4863.541815963326
2016-10-17,4822.6331968275
2016-10-18,4823.655758921168
2016-10-19,4803.448340981806
2016-10-20,4837.268628789179
2016-10-21,4885.0454806145735
2016-10-24,4842.090781486209
2016-10-25,4799.9640175700315
2016-10-26,4845.709781689257
2016-10-27,4808.280392301431
2016-10-28,4846.542481810579
2016-10-31,4830.424681521703
2016-11-01,4743.875006995151
2016-11-02,4794.246632976012
2016-11-03,4844.919781403773
2016-11-04,4829.525034540813
2016-11-07,4804.862632562292
2016-11-08,4817.993980727278
2016-11-09,4790.927318430769
2016-11-10,4838.618134869819
2016-11-11,4898.035431235886
2016-11-14,4867.732525202575
2016-11-15,4905.094876085367
2016-11-16,4877.117764457389
2016-11-17,4884.4009102983455
2016-11-18,4911.181995806438
2016-11-21,4876.108373057515
2016-11-22,4866.118392139632
2016-11-23,4899.599195761651
2016-11-24,4913.6476155176715
2016-11-25,4870.23016498953
2016-11-28,4868.080870513581
2016-11-29,4892.867087673805
2016-11-30,4913.58361757812
2016-12-01,4911.3899418227
2016-12-02,4855.674248863147
2016-12-05,4935.859062396191
2016-12-06,4872.089633356221
2016-12-07,4879.91356957438
2016-12-08,4862.973273691333
2016-12-09,4949.540656626171
2016-12-12,4888.193291132474
2016-12-13,4860.148538143657
2016-12-14,4900.626623727515
2016-12-15,4896.941751355254
2016-12-16,4872.237655868768
2016-12-19,4895.940639828686
2016-12-20,4853.970397238726
2016-12-21,4860.708371122325
2016-12-22,4822.390165225827
2016-12-23,4837.749695588503
2016-12-26,4912.626863941473
2016-12-27,4907.205843912253
2016-12-28,4867.496587044014
2016-12-29,4904.97972362233
2016-12-30,4859.277652794803
2017-01-02,4871.120897137074
2017-01-03,4892.36466758733
2017-01-04,4901.884978390821
2017-01-05,4913.6617667453365
2017-01-06,4961.202203073998
2017-01-09,4950.799880108914
2017-01-10,4978.8862211371525
2017-01-11,5001.036379607771
2017-01-12,4999.270199619292
2017-01-13,4979.557888053225
2017-01-16,4984.177223788152
2017-01-17,5036.194088200802
2017-01-18,5042.4988308787915
2017-01-19,5063.442801060826
2017-01-20,5075.27591347482
2017-01-23,5155.930918460026
2017-01-24,5070.759312431508
2017-01-25,5068.352116339847
2017-01-26,5142.43746612142
2017-01-27,5138.874926856136
2017-01-30,5171.426277203197
2017-01-31,5193.126760641082
2017-02-01,5217.752450472788
2017-02-02,5151.809473547865
2017-02-03,5182.933129396458
2017-02-06,5215.036312690983
2017-02-07,5230.439916401202
2017-02-08,5274.078368523977
2017-02-09,5248.327604965992
2017-02-10,5228.394667349495
2017-02-13,5213.086401569608
2017-02-14,5228.1353972837915
2017-02-15,5233.907592871835
2017-02-16,5273.2285752298785
2017-02-17,5269.324040793902
2017-02-20,5234.25023644285
2017-02-21,5264.193246098388
2017-02-22,5305.446114334685
2017-02-23,5298.153807120926
2017-02-24,5310.504151043958
2017-02-27,5312.201240264789
2017-02-28,5351.83083891794
2017-03-01,5318.27041989499
2017-03-02,5305.085111953614
2017-03-03,5294.336569819585
2017-03-06,5328.6792352708335
2017-03-07,5260.398152794733
2017-03-08,5323.828118027672
2017-03-09,5326.6042234091265
2017-03-10,5299.047555437911
2017-03-13,5314.026689869646
2017-03-14,5363.792557385905
2017-03-15,5351.6945161954045
2017-03-16,5351.614728243014
2017-03-17,5360.457146482023
2017-03-20,5358.107838849157
2017-03-21,5392.300610008437
2017-03-22,5365.68028073327
2017-03-23,5326.623829635544
2017-03-24,5412.884717730532
2017-03-27,5382.450314877363
2017-03-28,5360.044544197943
2017-03-29,5345.554852948529
2017-03-30,5393.30765959645
2017-03-31,5382.884534471642
2017-04-03,5435.285431508359
2017-04-04,5390.309344778368
2017-04-05,5383.828886702254
2017-04-06,5437.536875493381
2017-04-07,5445.200794150384
2017-04-10,5431.544260231185
2017-04-11,5452.195437989717
2017-04-12,5439.654355117708
2017-04-13,5453.918336181301
2017-04-14,5486.197638752133
2017-04-17,5478.3873100662895
2017-04-18,5463.578733498988
2017-04-19,5512.132102156758
2017-04-20,5417.20175120021
2017-04-21,5545.262281261949
2017-04-24,5448.994769444702
2017-04-25,5485.558064295652
2017-04-26,5508.631952445162
2017-04-27,5512.674738968847
2017-04-28,5551.475462667873
2017-05-01,5503.289231429391
2017-05-02,5548.66318847967
2017-05-03,5534.292142018343
2017-05-04,5567.457052884082
2017-05-05,5566.378964668573
2017-05-08,5579.717241717346
2017-05-09,5570.723796422197
2017-05-10,5580.7863869858065
2017-05-11,5612.091556059019
2017-05-12,5639.5286846308645
2017-05-15,5605.240741206577
2017-05-16,5606.627937016372
2017-05-17,5657.43288245511
2017-05-18,5648.273747902585
2017-05-19,5681.761249158169
2017-05-22,5641.686067349581
2017-05-23,5625.951571230024
2017-05-24,5670.421231112779
2017-05-25,5672.884576880976
2017-05-26,5701.60495695528
2017-05-29,5694.821714446372
2017-05-30,5743.390447175781
2017-05-31,5723.122506744786
2017-06-01,5737.113137486965
2017-06-02,5738.739781155518
2017-06-05,5741.231826925361
2017-06-06,5736.369706076419
2017-06-07,5753.13356866409
2017-06-08,5717.069973548768
2017-06-09,5781.499525327419
2017-06-12,5735.9574723879505
2017-06-13,5706.503280309848
2017-06-14,5750.998172746554
2017-06-15,5722.559913546407
2017-06-16,5767.565661579613
2017-06-19,5813.391325712475
2017-06-20,5728.672129738858
2017-06-21,5762.276242988212
2017-06-22,5703.634111616294
2017-06-23,5768.629232150522
2017-06-26,5731.497511860389
2017-06-27,5740.428735692643
2017-06-28,5728.129467758784
2017-06-29,5782.363271859129
2017-06-30,5791.7239641040505
2017-07-03,5772.0630532043015
2017-07-04,5755.10723498104
2017-07-05,5834.811185449894
2017-07-06,5775.778950389493
2017-07-07,5743.505582767753
2017-07-10,5828.353964877006
2017-07-11,5791.623465152753
2017-07-12,5861.4043662739205
2017-07-13,5830.235445351398
2017-07-14,5867.833240936083
2017-07-17,5900.051124384678
2017-07-18,5832.360742082879
2017-07-19,5860.045202952863
2017-07-20,5883.307583227901
2017-07-21,5939.722600099116
2017-07-24,5883.861490512768
2017-07-25,5894.620715141955
2017-07-26,5935.26405021515
2017-07-27,5912.920559547989
2017-07-28,5943.505244993091
2017-07-31,5901.787820138501
2017-08-01,6015.366626177281
2017-08-02,5910.9606883845845
2017-08-03,5943.05253969878
2017-08-04,5953.229048428735
2017-08-07,6012.721173712212
2017-08-08,5917.868808302177
2017-08-09,6018.003374766916
2017-08-10,5983.034326219087
2017-08-11,5974.471565895354
2017-08-14,5934.247637006034
2017-08-15,5982.212294603411
2017-08-16,5945.163621017136
2017-08-17,6006.11796910768
2017-08-18,5940.904370105381
2017-08-21,5968.083102731735
2017-08-22,5956.450473019959
2017-08-23,5945.105993762656
2017-08-24,5998.330513394715
2017-08-25,5993.756741209364
2017-08-28,6015.471617049648
2017-08-29,5927.674162930274
2017-08-30,6014.306886938266
2017-08-31,6059.013657610508
2017-09-01,5971.12155446232
2017-09-04,6041.936670083421
2017-09-05,5977.932284219314
2017-09-06,5945.315781563554
2017-09-07,5977.83195729423
2017-09-08,6018.948374431738
2017-09-11,5963.058202953628
2017-09-12,5970.763984085526
2017-09-13,6007.101405921366
2017-09-14,5990.00515577111
2017-09-15,6008.011092652223
2017-09-18,5998.211184411735
2017-09-19,6006.042470686848
2017-09-20,5979.308210994673
2017-09-21,5999.791054950883
2017-09-22,5965.643621763415
2017-09-25,6032.635872786014
2017-09-26,5975.597305408582
2017-09-27,6029.033881995089
2017-09-28,5988.779475643077
2017-09-29,6002.426304040673
2017-10-02,5991.854231920693
2017-10-03,5986.5207945314305
2017-10-04,5974.890537896239
2017-10-05,6006.016916905726
2017-10-06,6038.502454773487
2017-10-09,6065.155969454647
2017-10-10,6099.855757904871
2017-10-11,6066.120016665201
2017-10-12,6063.307456642141
2017-10-13,6056.6678983533175
2017-10-16,6125.874240791521
2017-10-17,6164.091288508684
2017-10-18,6171.147331418728
2017-10-19,6164.709314773043
2017-10-20,6173.15319225129
2017-10-23,6216.449657335418
2017-10-24,6185.0197866361395
2017-10-25,6205.407805132645
2017-10-26,6186.162935771851
2017-10-27,6164.5258948977635
2017-10-30,6196.249331996503
2017-10-31,6227.954776549185
2017-11-01,6232.326831087084
2017-11-02,6292.656350936217
2017-11-03,6237.355765831048
2017-11-06,6273.779911732949
2017-11-07,6225.641201498256
2017-11-08,6231.684514308193
2017-11-09,6202.119854578019
2017-11-10,6222.625331648051
2017-11-13,6264.469859389162
2017-11-14,6250.443401762451
2017-11-15,6281.886294311319
2017-11-16,6260.278218310061
2017-11-17,6245.786191340964
2017-11-20,6326.2467910292235
2017-11-21,6258.279990459166
2017-11-22,6299.84643790063
2017-11-23,6253.061075970866
2017-11-24,6290.074888416247
2017-11-27,6299.137293308366
2017-11-28,6278.790325807933
2017-11-29,6200.594938338548
2017-11-30,6277.242823367411
2017-12-01,6334.761080129807
2017-12-04,6332.098137967603
2017-12-05,6349.039129989427
2017-12-06,6299.733025129506
2017-12-07,6351.087855174672
2017-12-08,6406.855767279216
2017-12-11,6426.582027939078
2017-12-12,6472.270948381023
2017-12-13,6448.364568811019
2017-12-14,6486.073019488992
2017-12-15,6493.431521212549
2017-12-18,6480.7833794355865
2017-12-19,6459.321877108576
2017-12-20,6567.27628108987
2017-12-21,6579.07966779828
2017-12-22,6573.253459159762
2017-12-25,6560.421263462516
2017-12-26,6655.252849696476
2017-12-27,6645.974086498418
2017-12-28,6693.93118029808
2017-12-29,6758.337692381207
2018-01-01,6637.331160287955
2018-01-02,6698.9155790666855
2018-01-03,6728.668830247214
2018-01-04,6798.12959260607
2018-01-05,6707.0485734270005
2018-01-08,6841.331591935254
2018-01-09,6793.753834784293
2018-01-10,6799.298378499352
2018-01-11,6809.261798261465
2018-01-12,6814.589065106121
2018-01-15,6878.848855896236
2018-01-16,6819.883929532628
2018-01-17,6881.935387175493
2018-01-18,6870.428934162842
2018-01-19,6870.976993898373
2018-01-22,7000.25243872544
2018-01-23,6939.0663407700595
2018-01-24,6959.521800812112
2018-01-25,6991.512061901523
2018-01-26,6916.203021877091
2018-01-29,7040.627535413792
2018-01-30,6905.545789316048
2018-01-31,6980.165884441095
2018-02-01,6985.373399837178
2018-02-02,7016.138280219429
2018-02-05,6997.786516840758
2018-02-06,6978.673082111992
2018-02-07,6978.441096933526
2018-02-08,6939.125480798194
2018-02-09,6915.434975458718
2018-02-12,6987.259999397067
2018-02-13,6980.477804156881
2018-02-14,7005.800275619102
2018-02-15,6917.687790114141
2018-02-16,6963.553478210068
2018-02-19,6924.075870132588
2018-02-20,6969.5536868336585
2018-02-21,6958.094005393214
2018-02-22,6924.435953106695
2018-02-23,6899.813201291102
2018-02-26,6939.147386145954
2018-02-27,6922.710499488458
2018-02-28,6871.224533134445
2018-03-01,6835.736646884028
2018-03-02,6858.14246914587
2018-03-05,6906.643717389649
2018-03-06,6880.603259195076
2018-03-07,6790.116282169371
2018-03-08,6775.033374453939
2018-03-09,6844.930818050621
2018-03-12,6749.819472652888
2018-03-13,6792.427072541894
2018-03-14,6741.179707271405
2018-03-15,6803.435664430459
2018-03-16,6709.808540096236
2018-03-19,6761.099149104675
2018-03-20,6715.805479557479
2018-03-21,6705.010301642551
2018-03-22,6617.71038839567
2018-03-23,6597.093188799042
2018-03-26,6650.26250688873
2018-03-27,6652.871063265136
2018-03-28,6594.446275219887
2018-03-29,6582.840399230998
2018-03-30,6645.8985200576435
2018-04-02,6654.402066057006
2018-04-03,6639.59619926778
2018-04-04,6678.579534205746
2018-04-05,6621.986479997737
2018-04-06,6657.701208535459
2018-04-09,6733.081815183359
2018-04-10,6688.841523219804
2018-04-11,6699.295118874475
2018-04-12,6780.877604009573
2018-04-13,6665.155399663968
2018-04-16,6747.422808875125
2018-04-17,6785.199551190367
2018-04-18,6726.83258580415
2018-04-19,6775.348167048579
2018-04-20,6721.769448420368
2018-04-23,6740.3096220389
2018-04-24,6785.175945263101
2018-04-25,6807.833508936212
2018-04-26,6827.440758816518
2018-04-27,6851.380599031702
2018-04-30,6804.384564294065
2018-05-01,6863.112099924722
2018-05-02,6826.443913469024
2018-05-03,6884.850244418379
2018-05-04,6876.8876050200515
2018-05-07,6900.965746722915
2018-05-08,6916.134046035562
2018-05-09,6861.9520504911625
2018-05-10,6894.455745565677
2018-05-11,6952.997127638625
2018-05-14,6906.7158052308705
2018-05-15,7010.577387335459
2018-05-16,7028.175401136891
2018-05-17,7025.311289158956
2018-05-18,6990.623584518245
2018-05-21,7094.88706009336
2018-05-22,7134.471079104703
2018-05-23,7084.043786715577
2018-05-24,7113.293844504258
2018-05-25,7118.737275217388
2018-05-28,7146.885777237152
2018-05-29,7140.170045878323
2018-05-30,7159.698869664197
2018-05-31,7209.973804530215
2018-06-01,7261.634263514041
2018-06-04,7127.1977273803495
2018-06-05,7173.703037253422
2018-06-06,7135.051488443963
2018-06-07,7234.533956425956
2018-06-08,7156.295026943177
2018-06-11,7125.581377580972
2018-06-12,7200.2620100942495
2018-06-13,7239.943332357328
2018-06-14,7201.146214065463
2018-06-15,7184.667591327658
2018-06-18,7191.986928769072
2018-06-19,7228.064086872189
2018-06-20,7145.904815256978
2018-06-21,7173.249075618682
2018-06-22,7161.003696872373
2018-06-25,7135.325017012917
2018-06-26,7165.437318112729
2018-06-27,7216.95933998932
2018-06-28,7197.526876416903
2018-06-29,7200.301662175839
2018-07-02,7198.141812974746
2018-07-03,7227.464301520182
2018-07-04,7195.445972416236
2018-07-05,7228.957333381044
2018-07-06,7262.959377729189
2018-07-09,7281.949998901335
2018-07-10,7299.427919604165
2018-07-11,7298.644572912449
2018-07-12,7305.853855185585
2018-07-13,7451.494278929483
2018-07-16,7385.0450748330995
2018-07-17,7383.008342982084
2018-07-18,7375.289188874833
2018-07-19,7383.349861048147
2018-07-20,7411.376060923923
2018-07-23,7443.325081426527
2018-07-24,7378.661037100234
2018-07-25,7406.405276556758
2018-07-26,7457.4822777315785
2018-07-27,7505.43007139473
2018-07-30,7505.069892639495
2018-07-31,7586.144885559655
2018-08-01,7484.085285327473
2018-08-02,7521.103521833137
2018-08-03,7616.421766120019
2018-08-06,7573.44929161789
2018-08-07,7611.543450084788
2018-08-08,7665.377738170839
2018-08-09,7570.756701199567
2018-08-10,7602.899301140213
2018-08-13,7605.8795559645505
2018-08-14,7551.316233497663
2018-08-15,7623.5947345325885
2018-08-16,7678.73726044185
2018-08-17,7675.374294233156
2018-08-20,7688.046148649137
2018-08-21,7659.563595042344
2018-08-22,7658.427853338402
2018-08-23,7742.132035004709
2018-08-24,7683.840435785127
2018-08-27,7724.034043198232
2018-08-28,7728.71074197919
2018-08-29,7788.638035093564
2018-08-30,7779.465138537886
2018-08-31,7701.408301617256
2018-09-03,7701.6004344116245
2018-09-04,7766.014084503904
2018-09-05,7737.1081488084865
2018-09-06,7717.992856803945
2018-09-07,7770.8622972631965
2018-09-10,7734.847446841066
2018-09-11,7725.6364877256265
2018-09-12,7749.718948118891
2018-09-13,7701.1584632204
2018-09-14,7772.121244611628
2018-09-17,7677.286506500146
2018-09-18,7728.976950090153
2018-09-19,7754.8921371258775
2018-09-20,7642.716155829466
2018-09-21,7678.531070470209
2018-09-24,7731.665205076268
2018-09-25,7728.247116313567
2018-09-26,7673.230683616764
2018-09-27,7647.650838440685
2018-09-28,7708.549124583113
2018-10-01,7682.983280292713
2018-10-02,7559.561576496694
2018-10-03,7524.479919486174
2018-10-04,7544.893842138307
2018-10-05,7526.52278762515
2018-10-08,7458.398748044234
2018-10-09,7461.6296636463185
2018-10-10,7377.036850584836
2018-10-11,7292.491109976832
2018-10-12,7322.114353599785
2018-10-15,7307.366266151928
2018-10-16,7262.561377903975
2018-10-17,7198.328047480215
2018-10-18,7142.657172950967
2018-10-19,7157.614315191782
2018-10-22,7176.233320236857
2018-10-23,7157.09136659899
2018-10-24,7122.859378724498
2018-10-25,7020.583029093617
2018-10-26,6977.529010422342
2018-10-29,7004.172845105178
2018-10-30,6977.860735950818
2018-10-31,6938.71559246134
2018-11-01,6852.4814839050205
2018-11-02,6889.529154637015
2018-11-05,6915.8267080804835
2018-11-06,6931.030276307342
2018-11-07,6938.037236581463
2018-11-08,6913.839337645078
2018-11-09,6917.614785381435
2018-11-12,6906.45918398633
2018-11-13,6924.525024789629
2018-11-14,6908.998619681052
2018-11-15,6897.814448907715
2018-11-16,6883.640210425364
2018-11-19,6893.03243120848
2018-11-20,6904.263624825193
2018-11-21,6894.127563290387
2018-11-22,6895.370099941145
2018-11-23,6925.798934939009
2018-11-26,6886.077089996398
2018-11-27,6852.000999838122
2018-11-28,6902.016914275553
2018-11-29,6822.086199114035
2018-11-30,6829.233132095134
2018-12-03,6850.024352228824
2018-12-04,6828.419822848151
2018-12-05,6741.0127438905365
2018-12-06,6742.826627889448
2018-12-07,6707.996839804366
2018-12-10,6684.820101030521
2018-12-11,6705.464519654441
2018-12-12,6670.417528115059
2018-12-13,6619.37391853671
2018-12-14,6575.187651220482
2018-12-17,6522.161196108129
2018-12-18,6586.308329865738
2018-12-19,6532.6561130511
2018-12-20,6464.063024665316
2018-12-21,6483.947243330543
2018-12-24,6432.266734171878
2018-12-25,6399.256777780126
2018-12-26,6396.381123184781
2018-12-27,6333.066511632495
2018-12-28,6319.99826048054
2018-12-31,6309.059199729112
2019-01-01,6314.076587363053
2019-01-02,6375.893213220701
2019-01-03,6439.099730948837
2019-01-04,6380.271381172242
2019-01-07,6375.938058630294
2019-01-08,6390.00487655994
2019-01-09,6474.970060455992
2019-01-10,6483.611766701244
2019-01-11,6537.404839445871
2019-01-14,6560.499415419213
2019-01-15,6529.027651700763
2019-01-16,6547.563672855493
2019-01-17,6643.1741809496025
2019-01-18,6663.805264396393
2019-01-21,6671.100635087689
2019-01-22,6655.865093541768
2019-01-23,6753.597356698534
2019-01-24,6807.07787246519
2019-01-25,6799.948044110033
2019-01-28,6788.174833307079
2019-01-29,6845.240979055424
2019-01-30,6823.546648343178
2019-01-31,6933.825573749939
2019-02-01,6915.902322791943
2019-02-04,6867.586171179105
2019-02-05,6934.207391048378
2019-02-06,6976.613060005744
2019-02-07,6964.749114371746
2019-02-08,6982.634333339323
2019-02-11,6965.325481619569
2019-02-12,7044.113766186951
2019-02-13,7017.412100900594
2019-02-14,6980.2156889537455
2019-02-15,7059.265844734644
2019-02-18,7123.301422934103
2019-02-19,7090.951265900102
2019-02-20,7182.782795308984
2019-02-21,7152.454026340111
2019-02-22,7165.542758372265
2019-02-25,7165.140932451808
2019-02-26,7183.645005440678
2019-02-27,7193.004054299913
2019-02-28,7208.009707200544
2019-03-01,7249.538128372254
2019-03-04,7207.905338267028
2019-03-05,7214.234717388207
2019-03-06,7223.935508460719
2019-03-07,7350.656247641636
2019-03-08,7307.075063051594
2019-03-11,7310.398215583051
2019-03-12,7272.1823074940585
2019-03-13,7345.232599891955
2019-03-14,7329.726256160206
2019-03-15,7353.475450212859
2019-03-18,7321.310200496841
2019-03-19,7374.786637119687
2019-03-20,7364.9047383290435
2019-03-21,7363.929679594514
2019-03-22,7431.104570449622
2019-03-25,7358.631921328313
2019-03-26,7448.359218441404
2019-03-27,7464.6014373067555
2019-03-28,7418.1456692116535
2019-03-29,7432.100632949108
2019-04-01,7468.485394030104
2019-04-02,7501.526326848651
2019-04-03,7499.393172418315
2019-04-04,7535.622866480715
2019-04-05,7599.949870837611
2019-04-08,7528.628729873969
2019-04-09,7497.211837001448
2019-04-10,7607.651726924287
2019-04-11,7654.579798985344
2019-04-12,7619.982338444688
2019-04-15,7577.989298448672
2019-04-16,7629.109937839566
2019-04-17,7605.50157086574
2019-04-18,7687.369561531625
2019-04-19,7625.359845094473
2019-04-22,7680.206808663729
2019-04-23,7667.59692191523
2019-04-24,7725.765192063197
2019-04-25,7721.301308324341
2019-04-26,7756.948892909472
2019-04-29,7765.623511105209
2019-04-30,7741.061726466813
2019-05-01,7778.7989536072055
2019-05-02,7727.742062596426
2019-05-03,7666.757596734251
2019-05-06,7766.185555985732
2019-05-07,7673.740894166059
2019-05-08,7625.107518591473
2019-05-09,7660.308333623219
2019-05-10,7651.916764762728
2019-05-13,7552.286311820868
2019-05-14,7546.628767681816
2019-05-15,7472.288540301029
2019-05-16,7479.795474016613
2019-05-17,7453.874657487173
2019-05-20,7444.247696504829
2019-05-21,7425.8594947600095
2019-05-22,7410.43659729723
2019-05-23,7374.807086727302
2019-05-24,7297.984657229023
2019-05-27,7284.545711945192
2019-05-28,7275.4872815027275
2019-05-29,7261.761853662534
2019-05-30,7286.7884507668605
2019-05-31,7183.446154340268
2019-06-03,7244.429048662759
2019-06-04,7324.213019682004
2019-06-05,7310.721789936964
2019-06-06,7370.9934578080665
2019-06-07,7381.417172539087
2019-06-10,7428.747239171608
2019-06-11,7443.503720422385
2019-06-12,7509.921417062372
2019-06-13,7459.963253716673
2019-06-14,7537.556769462527
2019-06-17,7595.899872286546
2019-06-18,7638.508097856477
2019-06-19,7708.972937888824
2019-06-20,7670.650562355136
2019-06-21,7776.755269325298
2019-06-24,7728.223282204425
2019-06-25,7839.784546953523
2019-06-26,7854.445171757011
2019-06-27,7821.164183218701
2019-06-28,7903.895430558792
2019-07-01,7892.873917159935
2019-07-02,7922.718460777689
2019-07-03,7892.312475629596
2019-07-04,7892.110327207839
2019-07-05,7961.504155172846
2019-07-08,7906.592364333908
2019-07-09,7946.320802161806
2019-07-10,7907.825635396261
2019-07-11,7985.870971581362
2019-07-12,7896.1274651527665
2019-07-15,7901.7895416214205
2019-07-16,7989.699887023128
2019-07-17,7914.7422179810155
2019-07-18,7999.048923384987
2019-07-19,7974.055896337439
2019-07-22,7935.649777517525
2019-07-23,7872.894509115857
2019-07-24,7947.29662687239
2019-07-25,7955.243400073631
2019-07-26,8000.765135588933
2019-07-29,8020.684231315217
2019-07-30,7933.361752597628
2019-07-31,7995.672136482983
2019-08-01,7987.7448900492145
2019-08-02,7993.492317342975
2019-08-05,7964.161385662884
2019-08-06,7860.793913702688
2019-08-07,7925.270267852934
2019-08-08,7879.187619589194
2019-08-09,7910.514521716331
2019-08-12,7950.864701994369
2019-08-13,7917.7216399085855
2019-08-14,7944.574224544353
2019-08-15,7906.290788716106
2019-08-16,7835.188293295537
2019-08-19,7780.64798850327
2019-08-20,7879.41765338971
2019-08-21,7858.740041345764
2019-08-22,7822.358178826525
2019-08-23,7787.575168116464
2019-08-26,7819.141892084515
2019-08-27,7833.963941395319
2019-08-28,7861.297648989275
2019-08-29,7836.22180998237
2019-08-30,7885.365288994963
2019-09-02,7784.13202254485
2019-09-03,7861.306503593249
2019-09-04,7830.85795957733
2019-09-05,7858.386895781772
2019-09-06,7816.270209457595
2019-09-09,7877.5343763324645
2019-09-10,7849.299670793692
2019-09-11,7813.278722977796
2019-09-12,7841.6242684436675
2019-09-13,7834.883695466889
2019-09-16,7865.655294376896
2019-09-17,7802.350318803514
2019-09-18,7849.68190688633
2019-09-19,7868.5419705822405
2019-09-20,7856.503932480244
2019-09-23,7910.311475189594
2019-09-24,7889.999645825327
2019-09-25,7861.476650065415
2019-09-26,7872.480036596996
2019-09-27,7877.778374846422
2019-09-30,7884.206492037255
2019-10-01,7806.888355226916
2019-10-02,7877.396590617645
2019-10-03,7841.153248166622
2019-10-04,7960.855163409779
2019-10-07,7918.4115860345555
2019-10-08,7923.692420666781
2019-10-09,7977.523378336893
2019-10-10,7969.270881432283
2019-10-11,7918.121668260443
2019-10-14,7970.826129245097
2019-10-15,7970.881215492351
2019-10-16,7925.147457985732
2019-10-17,7977.890808775808
2019-10-18,8008.81537392386
2019-10-21,8022.223451122378
2019-10-22,7977.948892342649
2019-10-23,8094.553900892504
2019-10-24,8054.803179831768
2019-10-25,8071.154535298229
2019-10-28,8096.562231832941
2019-10-29,8059.243940653241
2019-10-30,8120.377601581503
2019-10-31,8097.780222657432
2019-11-01,8091.404479555845
2019-11-04,8166.388407130346
2019-11-05,8219.115550429338
2019-11-06,8203.146500096705
2019-11-07,8226.599686492247
2019-11-08,8182.766050118466
2019-11-11,8153.806765407378
2019-11-12,8296.19055907101
2019-11-13,8334.98598175707
2019-11-14,8329.424689893218
2019-11-15,8267.21677238825
2019-11-18,8248.708470358335
2019-11-19,8267.830754745904
2019-11-20,8257.557352615184
2019-11-21,8338.758783170426
2019-11-22,8425.94841346171
2019-11-25,8368.539987314747
2019-11-26,8402.814963946394
2019-11-27,8463.637303976857
2019-11-28,8404.525868540015
2019-11-29,8523.161846022334
2019-12-02,8534.685722004733
2019-12-03,8458.211468874044
2019-12-04,8452.547174921687
2019-12-05,8519.911775717603
2019-12-06,8488.8445440247
2019-12-09,8467.697609338707
2019-12-10,8584.945427019686
2019-12-11,8595.633693987369
2019-12-12,8563.714031423417
2019-12-13,8516.356016342776
2019-12-16,8531.13542484091
2019-12-17,8601.969972265128
2019-12-18,8589.314492519426
2019-12-19,8609.624159113044
2019-12-20,8681.988256269138
2019-12-23,8683.104496690852
2019-12-24,8724.657268988987
2019-12-25,8635.545254023642
2019-12-26,8677.218419541765
2019-12-27,8738.79535835783
2019-12-30,8738.938086850936
2019-12-31,8799.981925738828
2020-01-01,8809.370272740602
2020-01-02,8930.854771004031
2020-01-03,8931.719776741196
2020-01-06,9014.260365611224
2020-01-07,8993.109991910387
2020-01-08,9049.555439327356
2020-01-09,9131.730065928054
2020-01-10,9205.580902825104
2020-01-13,9207.179114395001
2020-01-14,9163.45661526471
2020-01-15,9223.899899910146
2020-01-16,9054.029551641403
2020-01-17,9082.860524864687
2020-01-20,9172.625694033193
2020-01-21,9111.921966445005
2020-01-22,9108.682106708178
2020-01-23,9054.11134354763
2020-01-24,9047.057270100802
2020-01-27,8954.896444455064
2020-01-28,9097.852073098908
2020-01-29,9198.670046672576
2020-01-30,9291.430728835254
2020-01-31,9411.524526496669
2020-02-03,9412.573969386043
2020-02-04,9458.116377209068
2020-02-05,9417.197564467244
2020-02-06,9508.63078954301
2020-02-07,9569.419387104324
2020-02-10,9674.119171184482
2020-02-11,9558.647774734882
2020-02-12,9590.46487258807
2020-02-13,9516.975278483456
2020-02-14,9473.40658785438
2020-02-17,9458.446120846356
2020-02-18,9222.876078591817
2020-02-19,9020.297752852885
2020-02-20,8767.43752818724
2020-02-21,8639.50001716104
2020-02-24,8441.522955709368
2020-02-25,8453.621886829194
2020-02-26,8506.862250880244
2020-02-27,8530.870996838134
2020-02-28,8526.481299913108
2020-03-02,8572.796150078499
2020-03-03,8444.765871046528
2020-03-04,8299.877106133996
2020-03-05,8186.152801909494
2020-03-06,8112.189654764776
2020-03-09,8018.197086115566
2020-03-10,7838.620195361514
2020-03-11,7623.877965317332
2020-03-12,7358.712394199566
2020-03-13,7180.2549674784495
2020-03-16,7017.75646561379
2020-03-17,7147.226830789583
2020-03-18,7260.05240326513
2020-03-19,7342.565375991836
2020-03-20,7418.837821401213
2020-03-23,7550.468505852942
2020-03-24,7586.607272699627
2020-03-25,7577.151659752358
2020-03-26,7510.669370397534
2020-03-27,7541.8038972861
2020-03-30,7551.869631969817
2020-03-31,7620.994200934081
2020-04-01,7847.735036768544
2020-04-02,7931.651899267973
2020-04-03,8142.153680902613
2020-04-06,8216.555680109514
2020-04-07,8311.139961144607
2020-04-08,8451.728778464805
2020-04-09,8585.799902994318
2020-04-10,8693.38529882803
2020-04-13,8822.870934420424
2020-04-14,8837.96218771118
2020-04-15,8806.513485234635
2020-04-16,8801.984855534547
2020-04-17,8720.573372398483
2020-04-20,8803.808468937386
2020-04-21,8768.960331542283
2020-04-22,8829.691932037085
2020-04-23,8704.399073468052
2020-04-24,8652.872686700795
2020-04-27,8745.122161912052
2020-04-28,8831.652434687123
2020-04-29,8870.725448552645
2020-04-30,8947.13932277553
2020-05-01,9187.740928306695
2020-05-04,9285.54296370016
2020-05-05,9092.260858341775
2020-05-06,9172.143403730677
2020-05-07,9256.047747418677
2020-05-08,9144.323818922348
2020-05-11,9130.188014211793
2020-05-12,9191.309967919424
2020-05-13,9204.421079334119
2020-05-14,9229.221113959284
2020-05-15,9410.394853678405
2020-05-18,9327.243051969766
2020-05-19,9453.803119784792
2020-05-20,9512.33376254938
2020-05-21,9429.736879150758
2020-05-22,9483.025001139085
2020-05-25,9613.492850650266
2020-05-26,9634.308837029037
2020-05-27,9632.357974903887
2020-05-28,9774.354901385977
2020-05-29,9828.958911234857
2020-06-01,9837.606392933676
2020-06-02,9747.983766237076
2020-06-03,9739.652201838939
2020-06-04,9741.63592333485
2020-06-05,9686.547775083649
2020-06-08,9709.149377999416
2020-06-09,9657.350852875386
2020-06-10,9727.05371241079
2020-06-11,9878.168590701713
2020-06-12,9914.27069903413
2020-06-15,9977.260480764959
2020-06-16,9888.38346617443
2020-06-17,9945.593092741077
2020-06-18,9910.150795471405
2020-06-19,9913.297079995751
2020-06-22,9852.753406556581
2020-06-23,9939.358387182729
2020-06-24,10102.598786422783
2020-06-25,10075.43427047779
2020-06-26,10268.919016010184
2020-06-29,10255.475899239378
2020-06-30,10395.181339544928
2020-07-01,10473.011257580865
2020-07-02,10677.361701981175
2020-07-03,10732.075044331516
2020-07-06,10835.5983719276
2020-07-07,10738.083873579062
2020-07-08,10743.354973235599
2020-07-09,10680.329649191115
2020-07-10,10703.653021677437
2020-07-13,10592.46808412172
2020-07-14,10683.165627506189
2020-07-15,10491.446480895926
2020-07-16,10505.133191493254
2020-07-17,10603.531087902718
2020-07-20,10460.321919685386
2020-07-21,10496.880917609185
2020-07-22,10661.89291492873
2020-07-23,10709.255683407691
2020-07-24,10774.767145918242
2020-07-27,10846.12282220963
2020-07-28,11103.785809099865
2020-07-29,10984.857076880027
2020-07-30,10939.048715221228
2020-07-31,11175.134723660161
2020-08-03,11173.424785648389
2020-08-04,11101.688463058226
2020-08-05,11097.388619255165
2020-08-06,11191.980231453883
2020-08-07,11145.656150636165
2020-08-10,11056.937584724305
2020-08-11,11341.977034394347
2020-08-12,11294.561197638543
2020-08-13,11482.488567495278
2020-08-14,11549.295373062118
2020-08-17,11497.32587275987
2020-08-18,11702.127255603604
2020-08-19,11691.257746555606
2020-08-20,11707.298577126647
2020-08-21,11881.118302718645
2020-08-24,12019.710019010283
2020-08-25,11892.585231462213
2020-08-26,11826.762222937725
2020-08-27,11837.50410330029
2020-08-28,11702.160438961599
2020-08-31,11573.125386987327
2020-09-01,11553.572569520597
2020-09-02,11416.483643054618
2020-09-03,11155.825559577675
2020-09-04,11216.311972516307
2020-09-07,11109.121808069653
2020-09-08,11058.263813349422
2020-09-09,11076.149173155825
2020-09-10,10959.930321312302
2020-09-11,10985.35164794365
2020-09-14,10851.290983483643
2020-09-15,11001.82663743682
2020-09-16,11129.776519187424
2020-09-17,11009.931083108944
2020-09-18,11065.76786302765
2020-09-21,11111.542627471548
2020-09-22,11179.225682267057
2020-09-23,11133.34497607629
2020-09-24,11237.36767306876
2020-09-25,11282.269822129534
2020-09-28,11285.762232934998
2020-09-29,11247.847577096554
2020-09-30,11498.379236086377
2020-10-01,11589.539027894447
2020-10-02,11678.547558971704
2020-10-05,11747.709461406997
2020-10-06,11763.943062580964
2020-10-07,11837.003834452818
2020-10-08,11914.981042703694
2020-10-09,11770.44051762053
2020-10-12,11916.060627361387
2020-10-13,11814.98120163017
2020-10-14,11780.427257530571
2020-10-15,11665.832037461561
2020-10-16,11707.622327758874
2020-10-19,11634.267048352032
2020-10-20,11534.936471811345
2020-10-21,11369.621753786243
2020-10-22,11279.115057430072
2020-10-23,11155.314173417031
2020-10-26,11058.297136378795
2020-10-27,11162.382660251076
2020-10-28,11374.34872729777
2020-10-29,11685.877633472453
2020-10-30,11828.792103429947
2020-11-02,12156.312578895479
2020-11-03,12074.075203573386
2020-11-04,12066.206395524632
2020-11-05,12083.643278221745
2020-11-06,11949.851595788889
2020-11-09,11903.549348143064
2020-11-10,11983.557211928488
2020-11-11,11955.65050941826
2020-11-12,11907.826136357453
2020-11-13,11995.593585489147
2020-11-16,11893.80462929776
2020-11-17,11977.939492108195
2020-11-18,12047.198368705469
2020-11-19,12059.65278318034
2020-11-20,12191.761918029366
2020-11-23,12343.818897870944
2020-11-24,12339.185285939286
2020-11-25,12367.531808999178
2020-11-26,12409.618712849173
2020-11-27,12494.589538742812
2020-11-30,12575.44718104847
2020-12-01,12535.78574715462
2020-12-02,12446.339265688954
2020-12-03,12456.607879263176
2020-12-04,12435.644008971707
2020-12-07,12313.08774539704
2020-12-08,12457.59786521234
2020-12-09,12383.971836782699
2020-12-10,12622.192927993206
2020-12-11,12706.600599056286
2020-12-14,12785.791885542862
2020-12-15,12707.591210896278
2020-12-16,12746.971704484022
2020-12-17,12812.447824714158
2020-12-18,12806.329939849238
2020-12-21,12709.155927642028
2020-12-22,12755.146886518747
2020-12-23,12852.619758212857
2020-12-24,12720.89776931205
2020-12-25,12831.867452000279
2020-12-28,12974.34602995343
2020-12-29,12994.428259059287
2020-12-30,12998.569052329925
2020-12-31,12919.982683518636
2021-01-01,13058.266354445423
2021-01-04,13066.545203745327
2021-01-05,13065.975164022339
2021-01-06,12931.308380945538
2021-01-07,12857.317683195768
2021-01-08,12730.816517361589
2021-01-11,12882.149508300578
2021-01-12,12888.683653086999
2021-01-13,13036.255385286699
2021-01-14,13138.359120282556
2021-01-15,13181.235221009003
2021-01-18,13282.2541738381
2021-01-19,13210.270417228223
2021-01-20,13140.5279380019
2021-01-21,13124.027147316325
2021-01-22,12960.63324708134
2021-01-25,13038.250275398997
2021-01-26,13125.396976045908
2021-01-27,13245.974759833356
2021-01-28,13320.380232324034
2021-01-29,13567.404526415452
2021-02-01,13589.131300572262
2021-02-02,13642.333338929133
2021-02-03,13696.72332522981
2021-02-04,13774.005933491697
2021-02-05,13810.549987104221
2021-02-08,13774.898063464098
2021-02-09,13725.339345081833
2021-02-10,13760.3666046122
2021-02-11,13719.987364509803
2021-02-12,13599.064934982394
2021-02-15,13473.003740035365
2021-02-16,13429.839955819496
2021-02-17,13349.643023496461
2021-02-18,13292.820837410272
2021-02-19,12962.886272903415
2021-02-22,12881.906020029284
2021-02-23,12835.849816489334
2021-02-24,12899.379418834136
2021-02-25,12762.107642007646
2021-02-26,12658.644230992106
2021-03-01,12703.899183893238
2021-03-02,12696.076836268274
2021-03-03,12697.135481982943
2021-03-04,12771.832993531114
2021-03-05,12994.7806439885
2021-03-08,12962.143130605757
2021-03-09,12930.16236309016
2021-03-10,12892.994480115258
2021-03-11,12913.900433102996
2021-03-12,12899.067996343996
2021-03-15,12885.786666954284
2021-03-16,12896.739619353395
2021-03-17,12967.813709806162
2021-03-18,12935.645390445256
2021-03-19,12893.262207919059
2021-03-22,12939.376449041252
2021-03-23,12919.337623199293
2021-03-24,13251.097473520287
2021-03-25,13245.124002002885
2021-03-26,13203.655100830223
2021-03-29,13310.725731307568
2021-03-30,13388.289269754072
2021-03-31,13637.760828003928
2021-04-01,13539.672832745375
2021-04-02,13748.235736876322
2021-04-05,13837.537132966498
2021-04-06,13941.599926976733
2021-04-07,13916.219788400002
2021-04-08,13840.084437797843
2021-04-09,13984.734179155603
2021-04-12,13973.654928151194
2021-04-13,14027.337468579526
2021-04-14,14102.039525483926
2021-04-15,13859.94221633414
2021-04-16,13905.614871775699
2021-04-19,13902.91332173203
2021-04-20,13898.694944178398
2021-04-21,13960.584251419465
2021-04-22,13880.920578142093
2021-04-23,13905.708739308038
2021-04-26,13817.391550131822
2021-04-27,13848.320382663887
2021-04-28,13857.818735404211
2021-04-29,13725.46827881221
2021-04-30,13801.45011413455
2021-05-03,13723.222675045077
2021-05-04,13725.069318981397
2021-05-05,13574.396964712249
2021-05-06,13548.558470169752
2021-05-07,13455.062009735231
2021-05-10,13386.677088145088
2021-05-11,13414.18618087556
2021-05-12,13436.532512530535
2021-05-13,13320.541250237073
2021-05-14,13504.124827199717
2021-05-17,13287.033414062687
2021-05-18,13420.139862201477
2021-05-19,13514.606718571978
2021-05-20,13603.923450264612
2021-05-21,13738.53420645562
2021-05-24,13559.342374817454
2021-05-25,13668.53716136692
2021-05-26,13574.253504451377
2021-05-27,13739.181871450854
2021-05-28,13772.56811612707
2021-05-31,13880.312490951876
2021-06-01,13824.31966232257
2021-06-02,13933.698784904493
2021-06-03,13947.441012401787
2021-06-04,13922.13324747058
2021-06-07,13899.684723890894
2021-06-08,14027.802909477416
2021-06-09,13914.20218097782
2021-06-10,14119.898090703653
2021-06-11,14027.932794013772
2021-06-14,14133.538703286107
2021-06-15,14074.333814193222
2021-06-16,14186.12609453315
2021-06-17,14241.092108249164
2021-06-18,14282.349187179345
2021-06-21,14314.147107008059
2021-06-22,14449.164884672382
2021-06-23,14429.820814823866
2021-06-24,14485.313251147782
2021-06-25,14741.37200649969
2021-06-28,14781.177305441237
2021-06-29,14752.128157305637
2021-06-30,14889.880540229804
2021-07-01,14766.830511603632
2021-07-02,14904.267485016302
2021-07-05,14839.105385923896
2021-07-06,14721.217978208662
2021-07-07,14904.495235963817
2021-07-08,14812.104630591797
2021-07-09,14701.307338112298
2021-07-12,14734.759387931485
2021-07-13,14736.663569830722
2021-07-14,14913.625875145288
2021-07-15,14759.540934817342
2021-07-16,14948.099095784683
2021-07-19,15185.781838055585
2021-07-20,15062.463488632817
2021-07-21,15066.468251778946
2021-07-22,14919.32515502084
2021-07-23,15128.65444027953
2021-07-26,15048.951022085272
2021-07-27,14974.632224950024
2021-07-28,14989.114104483713
2021-07-29,15126.872272352944
2021-07-30,15228.820837052413
2021-08-02,15181.413535293741
2021-08-03,15278.95208492274
2021-08-04,15050.551016516949
2021-08-05,15063.776891469783
2021-08-06,15041.261450094375
2021-08-09,15170.113947951686
2021-08-10,15141.130217444212
2021-08-11,15107.533790204143
2021-08-12,15171.33884676459
2021-08-13,15194.431027935818
2021-08-16,14977.43916645736
2021-08-17,15114.789459562071
2021-08-18,15290.256698133482
2021-08-19,15260.113993669596
2021-08-20,15302.946100243193
2021-08-23,15511.545185970293
2021-08-24,15376.897513753282
2021-08-25,15497.137393152227
2021-08-26,15590.098386112537
2021-08-27,15563.846021252459
2021-08-30,15714.153129208908
2021-08-31,15565.804736045935
2021-09-01,15677.313178968167
2021-09-02,15515.485676175249
2021-09-03,15534.906981063814
2021-09-06,15498.345846760103
2021-09-07,15370.853189875186
2021-09-08,15239.652878950516
2021-09-09,15404.027694549457
2021-09-10,15360.416093917642
2021-09-13,15376.083708595217
2021-09-14,15315.345522660664
2021-09-15,15298.957399421755
2021-09-16,15485.157353404671
2021-09-17,15217.57876233169
2021-09-20,15385.936129845859
2021-09-21,15176.84713302858
2021-09-22,15086.876641277186
2021-09-23,14980.901826478506
2021-09-24,14838.053542669031
2021-09-27,14834.117371293347
2021-09-28,14900.532721293715
2021-09-29,14838.204277697861
2021-09-30,14816.846258600966
2021-10-01,14741.8990631367
2021-10-04,14859.048690292342
2021-10-05,15045.908028514825
2021-10-06,14921.908958653428
2021-10-07,14987.371249091448
2021-10-08,15038.807482450384
2021-10-11,15109.854408716265
2021-10-12,14979.840553651291
2021-10-13,15260.682363165617
2021-10-14,15206.904814931444
2021-10-15,15189.920909604813
2021-10-18,15412.896422007207
2021-10-19,15369.294021360545
2021-10-20,15525.010562101848
2021-10-21,15765.172560889963
2021-10-22,15639.150925702043
2021-10-25,15729.007988302283
2021-10-26,15972.447939753434
2021-10-27,16144.364611417543
2021-10-28,16026.72541157988
2021-10-29,16289.444982206896
2021-11-01,16406.903961270298
2021-11-02,16159.25164066052
2021-11-03,16360.451876302275
2021-11-04,16334.775901488316
2021-11-05,16206.351125832356
2021-11-08,16301.319303938308
2021-11-09,16366.365398125587
2021-11-10,16356.672363647082
2021-11-11,16385.86353811548
2021-11-12,16417.717109211746
2021-11-15,16570.227235938408
2021-11-16,16509.20803169955
2021-11-17,16325.519663288625
2021-11-18,16064.013051186574
2021-11-19,16236.009210228603
2021-11-22,16040.822187297665
2021-11-23,15932.076863263423
2021-11-24,15967.561698089685
2021-11-25,15957.439390795518
2021-11-26,15553.263050435815
2021-11-29,15746.155839190602
2021-11-30,15721.167590193396
2021-12-01,15996.962841590512
2021-12-02,16091.407595800167
2021-12-03,16257.578512183009
2021-12-06,16291.21148972513
2021-12-07,16072.508212818182
2021-12-08,16081.372996950164
2021-12-09,16044.13939168168
2021-12-10,15986.92210802421
2021-12-13,15708.876772894186
2021-12-14,15983.193541107286
2021-12-15,15950.40546250236
2021-12-16,16132.772189223902
2021-12-17,16164.26065216629
2021-12-20,16323.064384262796
2021-12-21,16383.318531432331
2021-12-22,16212.875824463677
2021-12-23,16259.86651494879
2021-12-24,16332.796133997987
2021-12-27,16516.050187373556
2021-12-28,16102.036289621758
2021-12-29,16188.397853260873
2021-12-30,16038.51179815997
2021-12-31,15727.467317794522
2022-01-03,15568.945745812562
2022-01-04,15542.100590684544
2022-01-05,15594.627326065274
2022-01-06,15494.076071097927
2022-01-07,15601.758488312978
2022-01-10,15728.433405572248
2022-01-11,15322.602591639941
2022-01-12,15113.076091618246
2022-01-13,14770.000744573343
2022-01-14,14693.193218921075
2022-01-17,14457.49346180001
2022-01-18,14446.240377969898
2022-01-19,14429.221611853114
2022-01-20,14426.974803971716
2022-01-21,14487.632265965794
2022-01-24,14452.527336312543
2022-01-25,14525.082021713719
2022-01-26,14565.6730602094
2022-01-27,14679.979353955012
2022-01-28,14695.662559458491
2022-01-31,14708.519897124479
2022-02-01,14716.056209851766
2022-02-02,14547.039690914082
2022-02-03,14522.579598476275
2022-02-04,14384.393096730246
2022-02-07,14122.567900779815
2022-02-08,14297.315094563575
2022-02-09,14165.180414035101
2022-02-10,14103.088919682034
2022-02-11,14077.838775901535
2022-02-14,13985.374722966186
2022-02-15,14061.224589152265
2022-02-16,14039.442149076125
2022-02-17,14206.98203120138
2022-02-18,14145.014609032869
2022-02-21,14162.01728321098
2022-02-22,14052.896170655877
2022-02-23,14066.448331916243
2022-02-24,13990.382130833932
2022-02-25,13934.402953826528
2022-02-28,13766.755315067625
2022-03-01,13619.016871442092
2022-03-02,13663.491340836059
2022-03-03,13614.00746189539
2022-03-04,13338.539398681909
2022-03-07,13407.542388744587
2022-03-08,13537.507690477078
2022-03-09,13737.843563360198
2022-03-10,13934.16773068991
2022-03-11,14090.925453262424
2022-03-14,14491.29562108957
2022-03-15,14430.136346770882
2022-03-16,14496.111641167783
2022-03-17,14692.206616614447
2022-03-18,14548.57445192792
2022-03-21,14641.911827930393
2022-03-22,14774.28858164299
2022-03-23,14818.676029598417
2022-03-24,14854.272225883586
2022-03-25,14817.375118259606
2022-03-28,15049.231775116566
2022-03-29,14736.040986334718
2022-03-30,14628.383064878079
2022-03-31,14480.563478798105
2022-04-01,14441.434170439752
2022-04-04,14371.313547307269
2022-04-05,14325.069502857232
2022-04-06,14046.654001917792
2022-04-07,14047.92940673438
2022-04-08,14010.177306556767
2022-04-11,13933.990568051011
2022-04-12,13784.697496794262
2022-04-13,13713.228231546389
2022-04-14,13513.991907315485
2022-04-15,13567.32161794369
2022-04-18,13423.16202264922
2022-04-19,13165.776754250828
2022-04-20,13083.022707854858
2022-04-21,12984.993646813708
2022-04-22,12997.592071917683
2022-04-25,12772.225407541282
2022-04-26,12801.162326842614
2022-04-27,12819.130070367739
2022-04-28,12753.579153746474
2022-04-29,12742.101878048392
2022-05-02,12625.895953256928
2022-05-03,12669.282779713476
2022-05-04,12531.645472559483
2022-05-05,12488.656598830434
2022-05-06,12462.828011819958
2022-05-09,12393.784355806956
2022-05-10,12276.495266086313
2022-05-11,12118.014569503275
2022-05-12,12035.266781615563
2022-05-13,11944.104222805689
2022-05-16,11754.24506856311
2022-05-17,11972.389763518177
2022-05-18,12190.535504166977
2022-05-19,12257.286066981422
2022-05-20,12579.887660728125
2022-05-23,12761.92249510299
2022-05-24,12575.844447728792
2022-05-25,12713.614069544246
2022-05-26,12592.17028651032
2022-05-27,12600.908535561997
2022-05-30,12516.870038491807
2022-05-31,12458.846799621047
2022-06-01,12281.78696923043
2022-06-02,12064.564641469013
2022-06-03,11902.77195158422
2022-06-06,11746.422520693042
2022-06-07,11728.227928031289
2022-06-08,11635.954907969759
2022-06-09,11526.784627285026
2022-06-10,11370.429570085396
2022-06-13,11200.816447502244
2022-06-14,11390.188433332527
2022-06-15,11661.51148300582
2022-06-16,11734.140472724426
2022-06-17,11941.569726587904
2022-06-20,12040.741682967071
2022-06-21,12020.175344587864
2022-06-22,11867.815780736599
2022-06-23,11852.719684155905
2022-06-24,11733.100751669239
2022-06-27,11556.964547644438
2022-06-28,11684.31833949415
2022-06-29,11766.22411354028
2022-06-30,11822.225488916662
2022-07-01,11964.19711003563
2022-07-04,12137.707609342862
2022-07-05,12116.815443187288
2022-07-06,12077.624867023313
2022-07-07,12022.082450721527
2022-07-08,12067.939722190198
2022-07-11,11987.427310191671
2022-07-12,12107.49916481059
2022-07-13,12039.352917370967
2022-07-14,11989.802191821402
2022-07-15,12330.248629739914
2022-07-18,12308.159676583056
2022-07-19,12491.574592434219
2022-07-20,12595.14010121043
2022-07-21,12825.479573595274
2022-07-22,12861.412528225286
2022-07-25,12958.7076885161
2022-07-26,13053.904515724125
2022-07-27,13075.286194386865
2022-07-28,13073.197497559733
2022-07-29,13225.810645842947
2022-08-01,13134.403821666949
2022-08-02,13300.022616943075
2022-08-03,13246.514110929787
2022-08-04,13435.13300400774
2022-08-05,13506.485720888075
2022-08-08,13679.582850370954
2022-08-09,13395.011095210873
2022-08-10,13395.380563620309
2022-08-11,13426.155976097933
2022-08-12,13329.183055125812
2022-08-15,13254.838808821789
2022-08-16,13050.135472481028
2022-08-17,12945.668987356801
2022-08-18,12936.525710040229
2022-08-19,12726.93190577568
2022-08-22,12628.827363905242
2022-08-23,12494.95338991097
2022-08-24,12326.628521983048
2022-08-25,12356.063521954755
2022-08-26,12228.822018828676
2022-08-29,12237.913044693394
2022-08-30,12132.936446761962
2022-08-31,12342.605610901552
2022-09-01,12308.76366022491
2022-09-02,12498.583784642275
2022-09-05,12649.752740650185
2022-09-06,12310.547820277097
2022-09-07,12279.732266458801
2022-09-08,12112.75987491659
2022-09-09,11961.194744422699
2022-09-12,11884.225768246275
2022-09-13,11815.088103055476
2022-09-14,11630.42837544828
2022-09-15,11540.01032019134
2022-09-16,11425.714426019136
2022-09-19,11311.341999466187
2022-09-20,11181.16909832782
2022-09-21,11235.914127220305
2022-09-22,11122.376117206015
2022-09-23,11060.190604124125
2022-09-26,10926.97802713922
2022-09-27,10959.613856375001
2022-09-28,10988.783187067565
2022-09-29,10927.649378878614
2022-09-30,10932.726591393035
2022-10-03,11006.31030621077
2022-10-04,10997.754381952289
2022-10-05,10863.578286000873
2022-10-06,10774.525675340927
2022-10-07,10716.823400638523
2022-10-10,10667.717257455919
2022-10-11,10793.817964713664
2022-10-12,11053.607456930515
2022-10-13,11117.158142562821
2022-10-14,11241.18475465716
2022-10-17,11376.415147757269
2022-10-18,11300.398677534575
2022-10-19,11334.398327102886
2022-10-20,11387.897982046385
2022-10-21,11575.368751245676
2022-10-24,11514.62004347644
2022-10-25,11333.601737237723
2022-10-26,11241.161315540916
2022-10-27,11114.347439739393
2022-10-28,11006.245150759278
2022-10-31,10870.652913801998
2022-11-01,10996.848599877669
2022-11-02,11269.794619317712
2022-11-03,11386.723189990245
2022-11-04,11609.3741400312
2022-11-07,11857.588080294394
2022-11-08,11751.046605615118
2022-11-09,11727.333546011329
2022-11-10,11767.525546710232
2022-11-11,11654.686356412507
2022-11-14,11654.553879222665
2022-11-15,11725.270257969696
2022-11-16,11828.812401809972
2022-11-17,11759.85195728501
2022-11-18,11767.929739113686
2022-11-21,11787.230596708514
2022-11-22,11739.95851748673
2022-11-23,11857.598406125235
2022-11-24,11896.62323242647
2022-11-25,11965.43950309747
2022-11-28,12001.247139367437
2022-11-29,11929.413068334286
2022-11-30,11801.585949563949
2022-12-01,11737.250796242944
2022-12-02,11576.748915720751
2022-12-05,11544.834032875247
2022-12-06,11578.653141853782
2022-12-07,11452.636931909969
2022-12-08,11369.300602056524
2022-12-09,11414.123985535718
2022-12-12,11167.215762688882
2022-12-13,11129.50192241603
2022-12-14,11235.086627601155
2022-12-15,11090.58644486208
2022-12-16,11023.238493265275
2022-12-19,10919.581004234382
2022-12-20,11000.86699486159
2022-12-21,10997.007013967903
2022-12-22,10898.045733904633
2022-12-23,10941.203467459984
2022-12-26,10921.407686606784
2022-12-27,10973.83170970095
2022-12-28,10918.439353442645
2022-12-29,11068.860615647289
2022-12-30,11070.620892713809
2023-01-02,11020.302073600724
2023-01-03,11126.751074669724
2023-01-04,11230.47093623206
2023-01-05,11294.230998337054
2023-01-06,11414.103523992939
2023-01-09,11525.883399784463
2023-01-10,11650.147664429634
2023-01-11,11627.211100802322
2023-01-12,11642.101315186519
2023-01-13,11624.940544796216
2023-01-16,11554.118719817086
2023-01-17,11724.103353816003
2023-01-18,11892.465720031232
2023-01-19,11869.394626462547
2023-01-20,12093.427944384219
2023-01-23,12307.891287000413
2023-01-24,12311.905138304253
2023-01-25,12414.859238135356
2023-01-26,12422.595961279943
2023-01-27,12551.386238370364
2023-01-30,12528.230865543854
2023-01-31,12569.025465310542
2023-02-01,12506.074002298557
2023-02-02,12429.592628213817
2023-02-03,12439.462600612247
2023-02-06,12271.77147836538
2023-02-07,12304.035021159298
2023-02-08,12332.079819682973
2023-02-09,12273.337620114848
2023-02-10,12361.519811381786
2023-02-13,12251.96574274622
2023-02-14,12343.758224021101
2023-02-15,12204.122281555403
2023-02-16,12091.998856936829
2023-02-17,11996.110440860344
2023-02-20,11955.610855590603
2023-02-21,12074.613371060279
2023-02-22,12130.224742244733
2023-02-23,12118.42330985767
2023-02-24,12174.177957870546
2023-02-27,12331.179085943108
2023-02-28,12153.238252262207
2023-03-01,12108.110771555837
2023-03-02,12019.817201386602
2023-03-03,11939.584847247144
2023-03-06,11881.047897523853
2023-03-07,11889.534932987872
2023-03-08,11985.801896426583
2023-03-09,12204.617187402117
2023-03-10,12490.320811251731
2023-03-13,12646.466885361002
2023-03-14,12684.00785631622
2023-03-15,12605.993168757997
2023-03-16,12554.726149293936
2023-03-17,12568.243855024635
2023-03-20,12727.852720447943
2023-03-21,12836.129833651623
2023-03-22,13015.277158206625
2023-03-23,13070.508923632151
2023-03-24,13112.320278477962
2023-03-27,13122.703223142767
2023-03-28,13094.306597308383
2023-03-29,13150.409212840848
2023-03-30,13155.662670808599
2023-03-31,13111.905413592784
2023-04-03,12995.027303464203
2023-04-04,13108.490306477714
2023-04-05,13097.197302060598
2023-04-06,13002.76660366555
2023-04-07,13024.854816083995
2023-04-10,13124.545984345976
2023-04-11,13048.414213079286
2023-04-12,13151.63859474734
2023-04-13,13064.86705958404
2023-04-14,12984.81084645415
2023-04-17,13000.106596683034
2023-04-18,13053.583698227692
2023-04-19,13050.605071357115
2023-04-20,13087.361201022144
2023-04-21,13242.858471565372
2023-04-24,13301.972408199439
2023-04-25,13288.613304913308
2023-04-26,13351.643688979815
2023-04-27,13217.969469742571
2023-04-28,13367.475817693636
2023-05-01,13199.402848846725
2023-05-02,13208.080003481486
2023-05-03,13174.52440400817
2023-05-04,13278.032191048105
2023-05-05,13290.364684322645
2023-05-08,13375.250463639682
2023-05-09,13447.952053211242
2023-05-10,13442.935496752356
2023-05-11,13589.524345435379
2023-05-12,13684.09332026366
2023-05-15,13680.916234069426
2023-05-16,13832.90306196503
2023-05-17,13945.41384998518
2023-05-18,14199.406174915235
2023-05-19,14211.617462339744
2023-05-22,14345.749801665661
2023-05-23,14240.204819417553
2023-05-24,14483.156263726662
2023-05-25,14540.819047956997
2023-05-26,14351.80506231412
2023-05-29,14495.340057656093
2023-05-30,14579.031710313491
2023-05-31,14586.17010810839
2023-06-01,14486.357366876748
2023-06-02,14509.81654873728
2023-06-05,14484.965164439776
2023-06-06,14645.891816695434
2023-06-07,14836.365857609328
2023-06-08,14801.905828842484
2023-06-09,15046.050995492647
2023-06-12,15024.96660497243
2023-06-13,14981.47032257297
2023-06-14,15068.06916547927
2023-06-15,15037.15806975199
2023-06-16,14993.32735441332
2023-06-19,14793.50914605734
2023-06-20,14913.759788643778
2023-06-21,15067.66012523615
2023-06-22,15066.585630294785
2023-06-23,15040.044901801988
2023-06-26,15213.994521223767
2023-06-27,15096.48168018748
2023-06-28,15257.789942600148
2023-06-29,15210.219429003731
2023-06-30,15110.71907342718
2023-07-03,15139.176268343075
2023-07-04,15146.048284138407
2023-07-05,15304.50969003221
2023-07-06,15465.333832298249
2023-07-07,15477.358167980652
2023-07-10,15545.739292815373
2023-07-11,15405.084891875797
2023-07-12,15503.029533396988
2023-07-13,15545.229502610844
2023-07-14,15526.62199301137
2023-07-17,15464.570845316499
2023-07-18,15448.25607296894
2023-07-19,15401.213229216508
2023-07-20,15581.33467334879
2023-07-21,15661.465154984297
2023-07-24,15726.28538871408
2023-07-25,15702.971962858259
2023-07-26,15713.244779874673
2023-07-27,15473.123953658145
2023-07-28,15352.302301939086
2023-07-31,15255.122037720546
2023-08-01,15234.696665019244
2023-08-02,15112.847448374278
2023-08-03,15135.418462669577
2023-08-04,15111.103537115378
2023-08-07,15043.82588420711
2023-08-08,14995.050916125721
2023-08-09,14926.18160761565
2023-08-10,14695.874370728689
2023-08-11,14807.893423526933
2023-08-14,14645.537721026827
2023-08-15,14663.124433314177
2023-08-16,14711.450685297938
2023-08-17,14874.713994149637
2023-08-18,14875.529058252609
2023-08-21,14816.171541821908
2023-08-22,15086.029265847352
2023-08-23,15049.951894197675
2023-08-24,15279.542328144169
2023-08-25,15397.803273488911
2023-08-28,15559.45175295872
2023-08-29,15586.12481092919
2023-08-30,15301.139008089924
2023-08-31,15360.10505039565
2023-09-01,15300.955408214775
2023-09-04,15313.368974819556
2023-09-05,15281.09271081638
2023-09-06,15222.170322056765
2023-09-07,15199.901932360355
2023-09-08,15132.983842599071
2023-09-11,15277.489334601874
2023-09-12,15135.46251585872
2023-09-13,15068.692676353505
2023-09-14,14876.481310137302
2023-09-15,14751.413912526585
2023-09-18,14621.837911869892
2023-09-19,14730.314402197097
2023-09-20,14630.29445106141
2023-09-21,14845.547677118893
2023-09-22,14616.218037495175
2023-09-25,14735.374871663205
2023-09-26,14882.16654108738
2023-09-27,14862.288469153369
2023-09-28,14882.562481043471
2023-09-29,14849.02555437012
2023-10-02,14869.79219157485
2023-10-03,15035.281008748072
2023-10-04,15094.813566957107
2023-10-05,14953.480337036637
2023-10-06,14905.364560934942
2023-10-09,14810.817272042917
2023-10-10,14834.145629618824
2023-10-11,14811.469329679196
2023-10-12,14850.846023005737
2023-10-13,14696.006124295844
2023-10-16,14583.091559838442
2023-10-17,14455.00339297695
2023-10-18,14365.476407511895
2023-10-19,14432.120765000018
2023-10-20,14270.016636413198
2023-10-23,14031.341195481345
2023-10-24,14311.286960371413
2023-10-25,14478.739875654388
2023-10-26,14684.703592603855
2023-10-27,14952.99781631268
2023-10-30,15091.378185408976
2023-10-31,15178.618623119159
2023-11-01,15370.17993038411
2023-11-02,15302.346569591942
2023-11-03,15586.163970052634
2023-11-06,15476.995919283443
2023-11-07,15597.36149891284
2023-11-08,15629.931612613116
2023-11-09,15723.408424461384
2023-11-10,15810.797213374472
2023-11-13,15872.345390970882
2023-11-14,15806.94240301531
2023-11-15,15806.195479793976
2023-11-16,16123.551119531832
2023-11-17,15914.49635279132
2023-11-20,16037.884100934893
2023-11-21,15856.631068487322
2023-11-22,15965.883609686965
2023-11-23,15981.17973113358
2023-11-24,16032.276906917292
2023-11-27,15779.816610415759
2023-11-28,16028.267856839208
2023-11-29,15940.201858722234
2023-11-30,16075.817625920305
2023-12-01,15983.975437393145
2023-12-04,16015.889130178368
2023-12-05,16168.875120348424
2023-12-06,16212.31167951777
2023-12-07,16366.80603117462
2023-12-08,16415.7346552851
2023-12-11,16471.08191327355
2023-12-12,16738.892499028534
2023-12-13,16576.737798658924
2023-12-14,16700.715811777416
2023-12-15,16809.537800519032
2023-12-18,16725.81418407224
2023-12-19,16717.834098412386
2023-12-20,16815.79555488694
2023-12-21,16900.443958000742
2023-12-22,16717.895511274433
2023-12-25,16813.298115444108
2023-12-26,16575.788244471863
2023-12-27,16583.32237066892
2023-12-28,16514.8275270324
2023-12-29,16338.552186757237
2024-01-01,16268.7215014874
2024-01-02,16294.486325113881
2024-01-03,16521.111748829928
2024-01-04,16707.85969855207
2024-01-05,16634.43185777935
2024-01-08,16780.51307983683
2024-01-09,16970.592173603793
2024-01-10,17126.90225851503
2024-01-11,16992.12902993755
2024-01-12,17202.174820331173
2024-01-15,17338.520649444738
2024-01-16,17326.511374818227
2024-01-17,17141.78584260359
2024-01-18,17421.670916048046
2024-01-19,17531.736128774963
2024-01-22,17431.17182766871
2024-01-23,17375.087953272076
2024-01-24,17464.4390030779
2024-01-25,17709.048034657728
2024-01-26,17678.229730260984
2024-01-29,17699.189084104848
2024-01-30,17737.759176846335
2024-01-31,17711.167849976195
2024-02-01,17815.957984404697
2024-02-02,17891.0326472632
2024-02-05,18011.75836847437
2024-02-06,18041.871858574228
2024-02-07,17951.136359820244
2024-02-08,17669.73678675996
2024-02-09,17760.790971213046
2024-02-12,17751.13190893685
2024-02-13,17790.902614690705
2024-02-14,17730.247212065195
2024-02-15,18096.41921575046
2024-02-16,17772.783156185345
2024-02-19,17840.460940436005
2024-02-20,18031.117355207174
2024-02-21,18274.235975377807
2024-02-22,18079.996286233873
2024-02-23,18205.03037528952
2024-02-26,18401.498045703866
2024-02-27,18244.03145004453
2024-02-28,18158.16117211338
2024-02-29,18182.97902309186
2024-03-01,18099.614895280218
2024-03-04,18111.284548685275
2024-03-05,18092.291038712723
2024-03-06,17961.60297436125
2024-03-07,17918.132587480926
2024-03-08,17869.202410873317
2024-03-11,17851.802796177257
2024-03-12,17918.18408744681
2024-03-13,18018.79951243909
2024-03-14,18233.53352546323
2024-03-15,18370.15808701973
2024-03-18,18201.20161612536
2024-03-19,18323.3766418782
2024-03-20,18242.45843107595
2024-03-21,18260.106825854637
2024-03-22,18308.381703499854
2024-03-25,18315.791949733073
2024-03-26,18215.132118202182
2024-03-27,18021.980583159166
2024-03-28,18079.151903274702
2024-03-29,18218.913803678355
2024-04-01,17860.335488768196
2024-04-02,18194.804602461907
2024-04-03,18113.4824996432
2024-04-04,18164.159434543697
2024-04-05,18006.5397208636
2024-04-08,17817.92754031328
2024-04-09,17844.353434587323
2024-04-10,17722.98986957073
2024-04-11,17498.13956720852
2024-04-12,17169.501604869278
2024-04-15,17045.041024186787
2024-04-16,17125.906979271105
2024-04-17,17235.82069725604
2024-04-18,17526.15982981153
2024-04-19,17474.765410906664
2024-04-22,17639.11546169012
2024-04-23,17654.667459289765
2024-04-24,17654.55965876226
2024-04-25,17834.64008446661
2024-04-26,17959.858094110485
2024-04-29,17874.252043890672
2024-04-30,17809.44422493678
2024-05-01,18074.04807306509
2024-05-02,18204.693014127384
2024-05-03,18048.27021151575
2024-05-06,18117.724449111865
2024-05-07,18284.567006008932
2024-05-08,18462.748130638156
2024-05-09,18343.437947710183
2024-05-10,18345.530148221722
2024-05-13,18604.782173491025
2024-05-14,18672.66689724697
2024-05-15,18651.20854232565
2024-05-16,18650.866351828583
2024-05-17,18848.882296499778
2024-05-20,18858.007429930687
2024-05-21,18681.638238818858
2024-05-22,18703.78550877434
2024-05-23,18518.843848985525
2024-05-24,18654.43000911858
2024-05-27,18512.345340530508
2024-05-28,18588.009971108026
2024-05-29,18717.915573444952
2024-05-30,18817.642230328216
2024-05-31,18991.771792988533
2024-06-03,19057.10640815591
2024-06-04,19115.968221797542
2024-06-05,19335.34624985088
2024-06-06,19432.420630977755
2024-06-07,19484.577840856513
2024-06-10,19647.54032976351
2024-06-11,19653.343111791997
2024-06-12,19725.749651795977
2024-06-13,19648.045259610746
2024-06-14,19653.857019280214
2024-06-17,19894.35682780748
2024-06-18,19789.4662049015
2024-06-19,19618.510039555993
2024-06-20,19746.100953854035
2024-06-21,19698.030169653146
2024-06-24,19721.40425440495
2024-06-25,19836.301766613207
2024-06-26,20082.249177958238
2024-06-27,20140.05893491271
2024-06-28,20241.849281375475
2024-07-01,20498.231594900593
2024-07-02,20403.631206278136
2024-07-03,20380.127671346203
2024-07-04,20387.621132373584
2024-07-05,20334.04992350475
2024-07-08,20332.427992579072
2024-07-09,20107.918790898006
2024-07-10,19928.86453106366
2024-07-11,19743.163595776306
2024-07-12,19544.79417064802
2024-07-15,19436.74806123142
2024-07-16,19404.868984300145
2024-07-17,19331.446418402622
2024-07-18,19195.621270970718
2024-07-19,18897.187453791914
2024-07-22,19173.43197755355
2024-07-23,19008.34579234068
2024-07-24,18830.23315599121
2024-07-25,18849.881615775146
2024-07-26,18465.286119062974
2024-07-29,18614.897058528462
2024-07-30,18366.210939720782
2024-07-31,18491.7632108418
2024-08-01,18366.436990019774
2024-08-02,18499.986492756783
2024-08-05,18548.845694970478
2024-08-06,18693.565605882104
2024-08-07,18972.502671912607
2024-08-08,19113.54338481171
2024-08-09,19254.816966186634
2024-08-12,19453.231555266928
2024-08-13,19630.076374784578
2024-08-14,19529.1397875334
2024-08-15,19725.5267086872
2024-08-16,19798.51981928734
2024-08-19,19556.327554267376
2024-08-20,19803.082177201948
2024-08-21,19864.810071608892
2024-08-22,19657.739383538217
2024-08-23,19662.520627935475
2024-08-26,19676.135029513058
2024-08-27,19311.700369261922
2024-08-28,19122.29927276529
2024-08-29,18750.232393397542
2024-08-30,18659.332489393222
2024-09-02,18467.18937743245
2024-09-03,18683.046082746074
2024-09-04,18951.495166969038
2024-09-05,18995.82387415632
2024-09-06,19239.49035592746
2024-09-09,19699.54024349504
2024-09-10,19554.94895195675
2024-09-11,19644.51024804444
2024-09-12,19673.66773511968
2024-09-13,19654.714815231513
2024-09-16,19952.15031071036
2024-09-17,19782.392609987848
2024-09-18,19766.01657391815
2024-09-19,19876.58652593759
2024-09-20,19765.183918464743
2024-09-23,19943.463183011947
2024-09-24,19917.017084320745
2024-09-25,20080.97788458384
2024-09-26,19957.03205416137
2024-09-27,20118.649612470388
2024-09-30,20175.11327385413
2024-10-01,20160.625936586282
2024-10-02,20107.787565998613
2024-10-03,20191.0917940411
2024-10-04,20070.147666853707
2024-10-07,20258.410142868142
2024-10-08,20195.11464569213
2024-10-09,20363.23104184082
2024-10-10,20564.37144944989
2024-10-11,20364.38123352434
2024-10-14,20121.699939835205
2024-10-15,20292.91453483982
2024-10-16,20347.68178509847
2024-10-17,20349.707990367795
2024-10-18,20272.073762764187
2024-10-21,20376.980912259893
2024-10-22,20161.802204070606
2024-10-23,20128.314859720347
2024-10-24,20225.184707016266
2024-10-25,19994.45731996257
2024-10-28,20087.05034221226
2024-10-29,20106.77530077019
2024-10-30,20640.45400091229
2024-10-31,20596.650274356536
2024-11-01,20872.409423140627
2024-11-04,21152.088098724158
2024-11-05,20911.269246676366
2024-11-06,20839.865749837307
2024-11-07,20739.82350923656
2024-11-08,20635.371060945872
2024-11-11,20474.839508019508
2024-11-12,20452.39885257183
2024-11-13,20531.055838239354
2024-11-14,20864.761261365446
2024-11-15,20797.55144924613
2024-11-18,20680.469898484265
2024-11-19,20817.36917136391
2024-11-20,20802.831168056797
2024-11-21,20854.45607965792
2024-11-22,20770.971916845974
2024-11-25,20887.26147146353
2024-11-26,21257.77158308335
2024-11-27,21265.819753080126
2024-11-28,21076.953263318523
2024-11-29,21612.756768836807
2024-12-02,21740.051209758596
2024-12-03,21614.858653551317
2024-12-04,21763.082409854578
2024-12-05,21623.594439371824
2024-12-06,21697.420986400462
2024-12-09,21943.44357185988
2024-12-10,21651.6748847499
2024-12-11,21380.69789593615
2024-12-12,21477.446919597838
2024-12-13,21378.072401903155
2024-12-16,21416.711241143385
2024-12-17,21327.326288802244
2024-12-18,21317.478029077254
2024-12-19,21511.09945526934
2024-12-20,21449.06576227103
2024-12-23,21392.49373979142
2024-12-24,21567.403655035483
2024-12-25,21434.890543628462
2024-12-26,21385.095939534065
2024-12-27,21374.44799606629
2024-12-30,21211.993775021136
2024-12-31,21173.56374012381
2025-01-01,21133.802133066925
2025-01-02,21017.233150727512
2025-01-03,21075.66771194623
2025-01-06,20870.24192953598
2025-01-07,21054.57979367596
2025-01-08,21084.00064144712
2025-01-09,21313.696153078083
2025-01-10,21363.47779964655
2025-01-13,21442.588753201428
2025-01-14,21505.8839966215
2025-01-15,21470.72522784514
2025-01-16,21695.09927407501
2025-01-17,21702.66352413717
2025-01-20,21719.358110195484
2025-01-21,21834.62481157391
2025-01-22,21519.77172052731
2025-01-23,21550.327180357734
2025-01-24,21647.587887902417
2025-01-27,21511.93408750615
2025-01-28,21475.56112867353
2025-01-29,21510.315006588313
2025-01-30,21505.27948681383
2025-01-31,21325.702136423257
2025-02-03,21453.779522753997
2025-02-04,21789.26618200645
2025-02-05,21666.86145383821
2025-02-06,21828.40165899742
2025-02-07,21929.036604523233
2025-02-10,22105.068426555204
2025-02-11,21949.465597423296
2025-02-12,21966.399461895908
2025-02-13,21834.46949735795
2025-02-14,21797.26841037438
2025-02-17,21500.504367793495
2025-02-18,21429.605507866927
2025-02-19,21295.14049751843
2025-02-20,21221.512198732653
2025-02-21,20944.945599259438
2025-02-24,20980.02444733095
2025-02-25,20869.045724981053
2025-02-26,20506.569794564854
2025-02-27,20421.618130142324
2025-02-28,20282.079804339304
2025-03-03,20467.259038517936
2025-03-04,20057.82502737882
2025-03-05,20168.965328603266
2025-03-06,19775.807647185098
2025-03-07,19705.008846652152
2025-03-10,19636.993524387806
2025-03-11,19631.134441805058
2025-03-12,19697.936548576054
2025-03-13,19664.28726148804
2025-03-14,19663.208342522204
2025-03-17,19868.392105320865
2025-03-18,19778.82835111229
2025-03-19,19656.425926308293
2025-03-20,19520.064835869416
2025-03-21,19383.985299493113
2025-03-24,19233.48276220496
2025-03-25,18798.989965218847
2025-03-26,18538.19279254668
2025-03-27,18021.648527077494
2025-03-28,17670.853666518575
2025-03-31,17497.990194787366
2025-04-01,17816.536513371288
2025-04-02,17938.762449986876
2025-04-03,18262.44969134282
2025-04-04,18401.471649058556
2025-04-07,18565.044012891547
2025-04-08,18659.78875195466
2025-04-09,18568.757961075826
2025-04-10,18436.26703051172
2025-04-11,18321.44556852792
2025-04-14,18345.93063671343
2025-04-15,18396.04629829071
2025-04-16,18646.688297045956
2025-04-17,18858.430112815582
2025-04-18,19199.92621892025
2025-04-21,19326.857268843025
2025-04-22,19497.823864149163
2025-04-23,19628.348045377148
2025-04-24,19806.019506195298
2025-04-25,19818.286343920718
2025-04-28,20111.375239724897
2025-04-29,20219.690162800885
2025-04-30,20099.743366524886
2025-05-01,20232.636366283405
2025-05-02,20203.53980436923
2025-05-05,20139.46246381806
2025-05-06,20335.18314174546
2025-05-07,20599.58241827663
2025-05-08,20950.220198725256
2025-05-09,21105.977239081378
2025-05-12,21226.24729144401
2025-05-13,21376.946569235715
2025-05-14,21101.520186639136
2025-05-15,21017.48196418151
2025-05-16,21017.14222987505
2025-05-19,20905.702006773987
2025-05-20,20851.76616759298
2025-05-21,21102.205895691768
2025-05-22,21272.090809186244
2025-05-23,21135.319761071092
2025-05-26,21476.770270194065
2025-05-27,21257.364609995864
2025-05-28,21736.025137748453
2025-05-29,21548.082708658672
2025-05-30,21692.75407251847
2025-06-02,21555.91981361308
2025-06-03,21728.82411005983
2025-06-04,21734.19647721611
2025-06-05,21673.90409521754
2025-06-06,21596.153410306604
2025-06-09,21528.66412518572
2025-06-10,21752.376995261784
2025-06-11,21632.511545355927
2025-06-12,21794.86876704813
2025-06-13,21570.387908427696
2025-06-16,21579.37480195599
2025-06-17,21893.89810020671
2025-06-18,21806.6349583253
2025-06-19,22032.09880595457
2025-06-20,22472.28143609366
2025-06-23,22402.157032260497
2025-06-24,22394.80823939871
2025-06-25,22878.489845352542
2025-06-26,22574.846124465254
2025-06-27,22821.014808101434
2025-06-30,22874.868845147364
2025-07-01,22528.560197273917
2025-07-02,22801.865350974054
2025-07-03,22866.261769178534
2025-07-04,22838.23531937033
2025-07-07,22883.51371644726
2025-07-08,22793.044877270386
2025-07-09,22975.684177106443
2025-07-10,22871.992710666964
2025-07-11,22845.950763470293
2025-07-14,22915.806425412884
2025-07-15,22937.75591047071
2025-07-16,23264.809886673393
2025-07-17,23013.706851719202
2025-07-18,23262.576861788966
2025-07-21,23241.30672837251
2025-07-22,23157.668124339125
2025-07-23,23224.596445341056
2025-07-24,22915.192990381383
2025-07-25,22934.118618145687
2025-07-28,22767.585331060625
2025-07-29,22913.00075317485
2025-07-30,23364.40940044714
2025-07-31,23100.67166379421
2025-08-01,23590.268916181256
2025-08-04,23688.76296323779
2025-08-05,23574.736437124175
2025-08-06,23844.217925678797
2025-08-07,23452.958936471696
2025-08-08,23630.06747847461
2025-08-11,23568.7919268931
2025-08-12,23717.892998477815
2025-08-13,23494.76953268432
2025-08-14,23634.53311439605
2025-08-15,23518.81073512279
2025-08-18,23441.800417664967
2025-08-19,23527.186877811797
2025-08-20,23433.488968708658
2025-08-21,23320.830935524908
2025-08-22,23760.14465519235
2025-08-25,23358.383878995784
2025-08-26,23202.478478444682
2025-08-27,23410.953183836114
2025-08-28,23408.077073124903
2025-08-29,23702.350031538408
2025-09-01,23690.479351159138
2025-09-02,23787.069827955776
2025-09-03,23783.285195839133
2025-09-04,23881.91356126538
2025-09-05,23959.07235080225
2025-09-08,24082.409391905516
2025-09-09,24299.134582420094
2025-09-10,24345.250487038193
2025-09-11,24472.26168147529
2025-09-12,24579.74137476658
2025-09-15,24735.15250286785
2025-09-16,24637.166120022663
2025-09-17,24621.314236402126
2025-09-18,24698.679060194423
2025-09-19,24446.719067186525
2025-09-22,24399.005060911295
2025-09-23,24414.296012059796
2025-09-24,24638.64507618471
2025-09-25,24443.784812589704
2025-09-26,24786.07103858895
2025-09-29,24771.987961861963
2025-09-30,24811.69144363389
2025-10-01,24475.943939609322
2025-10-02,24420.8452807722
2025-10-03,24469.996085561128
2025-10-06,24389.249760104965
2025-10-07,24257.05105737485
2025-10-08,24480.716162737303
2025-10-09,24613.905617258868
2025-10-10,24743.686974335862
2025-10-13,24785.367052079455
2025-10-14,25084.75621765027
2025-10-15,24796.11778192994
2025-10-16,25087.741604216626
2025-10-17,25305.734828244396
2025-10-20,25416.131899686905
2025-10-21,25629.563062985613
2025-10-22,25710.09246868859
2025-10-23,25620.339183315315
2025-10-24,25924.759762573438
2025-10-27,25765.811078819886
2025-10-28,25816.059477959294
2025-10-29,25766.960362259302
2025-10-30,25530.289931639494
2025-10-31,25230.813812720102
2025-11-03,25018.238435086765
2025-11-04,24858.035356688146
2025-11-05,25078.04752380426
2025-11-06,24889.292199919073
2025-11-07,24919.330124669046
2025-11-10,24859.347716180946
2025-11-11,24795.37057922865
2025-11-12,24694.435483707028
2025-11-13,24577.739606588926
2025-11-14,24318.154294091306
2025-11-17,24369.16488625514
2025-11-18,24448.575185102163
2025-11-19,24613.478651279187
2025-11-20,24978.076560008223
2025-11-21,25438.522277869946
2025-11-24,25477.513860710795
2025-11-25,25439.87634951254
2025-11-26,25342.4063771348
2025-11-27,25560.802887853075
2025-11-28,25670.5291030393
2025-12-01,25642.261261814067
2025-12-02,25379.108702780137
2025-12-03,25384.34783358158
2025-12-04,25578.382228195424
2025-12-05,25476.389548681298
2025-12-08,25085.02796123063
2025-12-09,25311.405997822712
2025-12-10,25107.571411058685
2025-12-11,25463.843692326445
2025-12-12,25347.26147524636
2025-12-15,25466.52892179701
2025-12-16,25187.67888725345
2025-12-17,25551.325890281052
2025-12-18,25523.707875030836
2025-12-19,25693.449388668836
2025-12-22,25761.696133064328
2025-12-23,25564.54672102034
2025-12-24,25391.684871594072
2025-12-25,25479.497743489457
2025-12-26,25285.603287922127
2025-12-29,25096.172170439717
2025-12-30,25200.727023728523
2025-12-31,25240.917923778896
2026-01-01,25475.579751150355
2026-01-02,25794.6933127053
2026-01-05,25789.1700442748
2026-01-06,25650.55999299537
2026-01-07,25774.505192926048
2026-01-08,25517.141216662985
2026-01-09,25588.678583872428
2026-01-12,25506.330847553952
2026-01-13,25643.996280693882
2026-01-14,25358.149191111268
2026-01-15,25466.23987635338
2026-01-16,25380.59457073976
2026-01-19,25572.23451963809
2026-01-20,25749.876683320454
2026-01-21,25519.56740610159
2026-01-22,25508.30862682824
2026-01-23,25674.41663495742
2026-01-26,25688.909975259896
2026-01-27,25445.07323751981
2026-01-28,25447.488547297355
2026-01-29,25129.293658065722
2026-01-30,25343.79809035684
2026-02-02,25345.17232412158
2026-02-03,25071.953114012835
2026-02-04,24678.091542829177
2026-02-05,24799.965034456087
2026-02-06,24876.953786271148
2026-02-09,24680.60787415745
2026-02-10,24946.135506555427
2026-02-11,24917.36999117285
2026-02-12,24812.328696152028
2026-02-13,24960.415814007403
2026-02-16,24900.834446543893
2026-02-17,24979.27012388213
2026-02-18,24922.27392941259
2026-02-19,25127.79269090438
2026-02-20,25234.737044295973
2026-02-23,24781.42740977453
2026-02-24,24656.906445155484
2026-02-25,24802.303997521274
2026-02-26,24581.29114549711
2026-02-27,24711.808774267884
2026-03-02,24735.300238156196
2026-03-03,24774.04449221209
2026-03-04,24562.475944318085
2026-03-05,24461.6619935803
2026-03-06,24191.27467282251
2026-03-09,24383.922065261526
2026-03-10,24292.096141134847
2026-03-11,24263.810279250756
2026-03-12,24004.68757053061
2026-03-13,23941.702693721072
2026-03-16,23721.542402012026
2026-03-17,23471.062762305504
2026-03-18,23458.26345169166
2026-03-19,23251.925383507412
2026-03-20,23323.0592245221
2026-03-23,23072.840620189792
2026-03-24,23070.515421322598
2026-03-25,23018.908997089147
2026-03-26,22758.879036698698
2026-03-27,23307.227028196525
